model_a,model_a_display_name,model_b,model_b_display_name,subset,subset_label,metric,n_paired,model_a_value,model_b_value,difference_a_minus_b,ci_lower,ci_upper,bootstrap_ci_excludes_zero,n_bootstrap_valid,better_direction,effect_in_favor_of_a,observed_better_model,permutation_p_two_sided,permutation_p_two_sided_holm_pair_dataset,significant_permutation_holm_0.05,holm_family_size,n_extreme_permutations,n_valid_permutations,n_permutations_requested
custom_mtl_original,Custom MTL LightGBM clean,logbb_pred_shaker_retrained,Matched-retrained logBB_pred strategy (Shaker et al.),all_threshold,All labelled compounds: threshold-derived,balanced_accuracy,3156,0.6127297163404672,0.5901967151718858,0.02253300116858148,0.009882862865924836,0.035284818708896624,True,10000,higher,0.02253300116858148,custom_mtl_original,0.0006999300069993001,0.004199580041995801,True,9,6,10000,10000
custom_mtl_original,Custom MTL LightGBM clean,logbb_pred_shaker_retrained,Matched-retrained logBB_pred strategy (Shaker et al.),all_threshold,All labelled compounds: threshold-derived,cohens_kappa,3156,0.27818720281425996,0.22767624489551708,0.05051095791874288,0.020594296976923943,0.08081060126423835,True,10000,higher,0.05051095791874288,custom_mtl_original,0.0013998600139986002,0.006999300069993001,True,9,13,10000,10000
custom_mtl_original,Custom MTL LightGBM clean,logbb_pred_shaker_retrained,Matched-retrained logBB_pred strategy (Shaker et al.),all_threshold,All labelled compounds: threshold-derived,mcc,3156,0.34712569906073676,0.30682429441057296,0.0403014046501638,0.007680472731590284,0.0735425278544426,True,10000,higher,0.0403014046501638,custom_mtl_original,0.020997900209979003,0.041995800419958006,True,9,209,10000,10000
custom_mtl_original,Custom MTL LightGBM clean,logbb_pred_shaker_retrained,Matched-retrained logBB_pred strategy (Shaker et al.),all_threshold,All labelled compounds: threshold-derived,np_f1,3156,0.38618524332810045,0.32508250825082513,0.061102735077275316,0.029692752659320833,0.09281155690550803,True,10000,higher,0.061102735077275316,custom_mtl_original,0.00019998000199980003,0.0017998200179982003,True,9,1,10000,10000
custom_mtl_original,Custom MTL LightGBM clean,logbb_pred_shaker_retrained,Matched-retrained logBB_pred strategy (Shaker et al.),all_threshold,All labelled compounds: threshold-derived,np_precision,3156,0.7859424920127795,0.7848605577689243,0.001081934243855276,-0.0451305404305458,0.0481269285082817,False,10000,higher,0.001081934243855276,custom_mtl_original,0.9576042395760423,0.9576042395760423,False,9,9576,10000,10000
custom_mtl_original,Custom MTL LightGBM clean,logbb_pred_shaker_retrained,Matched-retrained logBB_pred strategy (Shaker et al.),all_threshold,All labelled compounds: threshold-derived,np_recall,3156,0.2559833506763788,0.20499479708636836,0.05098855359001042,0.02601456642150879,0.07596254348754883,True,10000,higher,0.05098855359001042,custom_mtl_original,0.00019998000199980003,0.0017998200179982003,True,9,1,10000,10000
custom_mtl_original,Custom MTL LightGBM clean,logbb_pred_shaker_retrained,Matched-retrained logBB_pred strategy (Shaker et al.),all_threshold,All labelled compounds: threshold-derived,np_wrong_side_count,3156,715.0,764.0,-49.0,-73.0,-25.0,True,10000,lower,49.0,custom_mtl_original,0.00019998000199980003,0.0017998200179982003,True,9,1,10000,10000
custom_mtl_original,Custom MTL LightGBM clean,logbb_pred_shaker_retrained,Matched-retrained logBB_pred strategy (Shaker et al.),all_threshold,All labelled compounds: threshold-derived,pr_auc_nonpenetrant,3156,0.6305993087946029,0.6017080603576755,0.028891248436927364,0.011485457420349121,0.04631212502717971,True,10000,higher,0.028891248436927364,custom_mtl_original,0.0014998500149985001,0.006999300069993001,True,9,14,10000,10000
custom_mtl_original,Custom MTL LightGBM clean,logbb_pred_shaker_retrained,Matched-retrained logBB_pred strategy (Shaker et al.),all_threshold,All labelled compounds: threshold-derived,roc_auc,3156,0.7685777201519867,0.7555839470559094,0.012993773096077299,0.005203819274902344,0.021120786666870117,True,10000,higher,0.012993773096077299,custom_mtl_original,0.0015998400159984002,0.006999300069993001,True,9,15,10000,10000
dummy_mean_regression,Dummy regression mean,custom_mtl_original,Custom MTL LightGBM clean,all_threshold,All labelled compounds: threshold-derived,balanced_accuracy,3156,0.5,0.6127297163404672,-0.11272971634046725,-0.1273978441953659,-0.09878021478652954,True,10000,higher,-0.11272971634046725,custom_mtl_original,9.999000099990002e-05,0.0008999100089991002,True,9,0,10000,10000
dummy_mean_regression,Dummy regression mean,custom_mtl_original,Custom MTL LightGBM clean,all_threshold,All labelled compounds: threshold-derived,cohens_kappa,3156,0.0,0.27818720281425996,-0.27818720281425996,-0.3118784368038177,-0.24569966532289986,True,10000,higher,-0.27818720281425996,custom_mtl_original,9.999000099990002e-05,0.0008999100089991002,True,9,0,10000,10000
dummy_mean_regression,Dummy regression mean,custom_mtl_original,Custom MTL LightGBM clean,all_threshold,All labelled compounds: threshold-derived,mcc,3156,,0.34712569906073676,,,,False,0,higher,,tie,9.999000099990002e-05,0.0008999100089991002,True,9,0,10000,10000
dummy_mean_regression,Dummy regression mean,custom_mtl_original,Custom MTL LightGBM clean,all_threshold,All labelled compounds: threshold-derived,np_f1,3156,,0.38618524332810045,,,,False,0,higher,,tie,9.999000099990002e-05,0.0008999100089991002,True,9,0,10000,10000
dummy_mean_regression,Dummy regression mean,custom_mtl_original,Custom MTL LightGBM clean,all_threshold,All labelled compounds: threshold-derived,np_precision,3156,,0.7859424920127795,,,,False,0,higher,,tie,9.999000099990002e-05,0.0008999100089991002,True,9,0,10000,10000
dummy_mean_regression,Dummy regression mean,custom_mtl_original,Custom MTL LightGBM clean,all_threshold,All labelled compounds: threshold-derived,np_recall,3156,0.0,0.2559833506763788,-0.2559833506763788,-0.28407907485961914,-0.22892819344997406,True,10000,higher,-0.2559833506763788,custom_mtl_original,9.999000099990002e-05,0.0008999100089991002,True,9,0,10000,10000
dummy_mean_regression,Dummy regression mean,custom_mtl_original,Custom MTL LightGBM clean,all_threshold,All labelled compounds: threshold-derived,np_wrong_side_count,3156,961.0,715.0,246.0,220.0,273.0,True,10000,lower,-246.0,custom_mtl_original,9.999000099990002e-05,0.0008999100089991002,True,9,0,10000,10000
dummy_mean_regression,Dummy regression mean,custom_mtl_original,Custom MTL LightGBM clean,all_threshold,All labelled compounds: threshold-derived,pr_auc_nonpenetrant,3156,0.3044517861165018,0.6305993087946029,-0.3261475226781011,-0.35335228145122527,-0.29903942048549653,True,10000,higher,-0.3261475226781011,custom_mtl_original,9.999000099990002e-05,0.0008999100089991002,True,9,0,10000,10000
dummy_mean_regression,Dummy regression mean,custom_mtl_original,Custom MTL LightGBM clean,all_threshold,All labelled compounds: threshold-derived,roc_auc,3156,0.5,0.7685777201519867,-0.26857772015198667,-0.28651587665081024,-0.24997035264968873,True,10000,higher,-0.26857772015198667,custom_mtl_original,9.999000099990002e-05,0.0008999100089991002,True,9,0,10000,10000
dummy_mean_regression,Dummy regression mean,dummy_prior_classification,Dummy classification baseline,all_threshold,All labelled compounds: threshold-derived,balanced_accuracy,3156,0.5,0.5,0.0,0.0,0.0,False,10000,higher,0.0,tie,1.0,1.0,False,9,10000,10000,10000
dummy_mean_regression,Dummy regression mean,dummy_prior_classification,Dummy classification baseline,all_threshold,All labelled compounds: threshold-derived,cohens_kappa,3156,0.0,0.0,0.0,0.0,0.0,False,10000,higher,0.0,tie,1.0,1.0,False,9,10000,10000,10000
dummy_mean_regression,Dummy regression mean,dummy_prior_classification,Dummy classification baseline,all_threshold,All labelled compounds: threshold-derived,mcc,3156,,,,,,False,0,higher,,tie,,,False,9,0,0,10000
dummy_mean_regression,Dummy regression mean,dummy_prior_classification,Dummy classification baseline,all_threshold,All labelled compounds: threshold-derived,np_f1,3156,,,,,,False,0,higher,,tie,,,False,9,0,0,10000
dummy_mean_regression,Dummy regression mean,dummy_prior_classification,Dummy classification baseline,all_threshold,All labelled compounds: threshold-derived,np_precision,3156,,,,,,False,0,higher,,tie,,,False,9,0,0,10000
dummy_mean_regression,Dummy regression mean,dummy_prior_classification,Dummy classification baseline,all_threshold,All labelled compounds: threshold-derived,np_recall,3156,0.0,0.0,0.0,0.0,0.0,False,10000,higher,0.0,tie,1.0,1.0,False,9,10000,10000,10000
dummy_mean_regression,Dummy regression mean,dummy_prior_classification,Dummy classification baseline,all_threshold,All labelled compounds: threshold-derived,np_wrong_side_count,3156,961.0,961.0,0.0,0.0,0.0,False,10000,lower,0.0,tie,1.0,1.0,False,9,10000,10000,10000
dummy_mean_regression,Dummy regression mean,dummy_prior_classification,Dummy classification baseline,all_threshold,All labelled compounds: threshold-derived,pr_auc_nonpenetrant,3156,0.3044517861165018,0.30432319464580004,0.00012859147070176657,0.00012859702110290527,0.00012859702110290527,True,10000,higher,0.00012859147070176657,dummy_mean_regression,0.9885011498850115,1.0,False,9,9885,10000,10000
dummy_mean_regression,Dummy regression mean,dummy_prior_classification,Dummy classification baseline,all_threshold,All labelled compounds: threshold-derived,roc_auc,3156,0.5,0.4995837669094693,0.00041623309053068214,0.00041621923446655273,0.00041621923446655273,True,10000,higher,0.00041623309053068214,dummy_mean_regression,0.9849015098490151,1.0,False,9,9849,10000,10000
dummy_mean_regression,Dummy regression mean,lightgbm_mse_regression,LightGBM MSE,all_threshold,All labelled compounds: threshold-derived,balanced_accuracy,3156,0.5,0.5857755422763399,-0.08577554227633988,-0.09865670949220656,-0.07334989160299302,True,10000,higher,-0.08577554227633988,lightgbm_mse_regression,9.999000099990002e-05,0.0008999100089991002,True,9,0,10000,10000
dummy_mean_regression,Dummy regression mean,lightgbm_mse_regression,LightGBM MSE,all_threshold,All labelled compounds: threshold-derived,cohens_kappa,3156,0.0,0.21812674617311215,-0.21812674617311215,-0.24910664483904837,-0.18777652308344844,True,10000,higher,-0.21812674617311215,lightgbm_mse_regression,9.999000099990002e-05,0.0008999100089991002,True,9,0,10000,10000
dummy_mean_regression,Dummy regression mean,lightgbm_mse_regression,LightGBM MSE,all_threshold,All labelled compounds: threshold-derived,mcc,3156,,0.30311225744385734,,,,False,0,higher,,tie,9.999000099990002e-05,0.0008999100089991002,True,9,0,10000,10000
dummy_mean_regression,Dummy regression mean,lightgbm_mse_regression,LightGBM MSE,all_threshold,All labelled compounds: threshold-derived,np_f1,3156,,0.31040268456375836,,,,False,0,higher,,tie,9.999000099990002e-05,0.0008999100089991002,True,9,0,10000,10000
dummy_mean_regression,Dummy regression mean,lightgbm_mse_regression,LightGBM MSE,all_threshold,All labelled compounds: threshold-derived,np_precision,3156,,0.8008658008658008,,,,False,0,higher,,tie,9.999000099990002e-05,0.0008999100089991002,True,9,0,10000,10000
dummy_mean_regression,Dummy regression mean,lightgbm_mse_regression,LightGBM MSE,all_threshold,All labelled compounds: threshold-derived,np_recall,3156,0.0,0.19250780437044746,-0.19250780437044746,-0.217481791973114,-0.16857440769672394,True,10000,higher,-0.19250780437044746,lightgbm_mse_regression,9.999000099990002e-05,0.0008999100089991002,True,9,0,10000,10000
dummy_mean_regression,Dummy regression mean,lightgbm_mse_regression,LightGBM MSE,all_threshold,All labelled compounds: threshold-derived,np_wrong_side_count,3156,961.0,776.0,185.0,162.0,209.0,True,10000,lower,-185.0,lightgbm_mse_regression,9.999000099990002e-05,0.0008999100089991002,True,9,0,10000,10000
dummy_mean_regression,Dummy regression mean,lightgbm_mse_regression,LightGBM MSE,all_threshold,All labelled compounds: threshold-derived,pr_auc_nonpenetrant,3156,0.3044517861165018,0.6088044009908126,-0.30435261487431076,-0.33354623168706893,-0.27663402259349823,True,10000,higher,-0.30435261487431076,lightgbm_mse_regression,9.999000099990002e-05,0.0008999100089991002,True,9,0,10000,10000
dummy_mean_regression,Dummy regression mean,lightgbm_mse_regression,LightGBM MSE,all_threshold,All labelled compounds: threshold-derived,roc_auc,3156,0.5,0.7576689050651965,-0.25766890506519646,-0.276069213449955,-0.23890831619501116,True,10000,higher,-0.25766890506519646,lightgbm_mse_regression,9.999000099990002e-05,0.0008999100089991002,True,9,0,10000,10000
dummy_mean_regression,Dummy regression mean,logbb_pred_shaker_retrained,Matched-retrained logBB_pred strategy (Shaker et al.),all_threshold,All labelled compounds: threshold-derived,balanced_accuracy,3156,0.5,0.5901967151718858,-0.09019671517188577,-0.10333341360092163,-0.07738357782363892,True,10000,higher,-0.09019671517188577,logbb_pred_shaker_retrained,9.999000099990002e-05,0.0008999100089991002,True,9,0,10000,10000
dummy_mean_regression,Dummy regression mean,logbb_pred_shaker_retrained,Matched-retrained logBB_pred strategy (Shaker et al.),all_threshold,All labelled compounds: threshold-derived,cohens_kappa,3156,0.0,0.22767624489551708,-0.22767624489551708,-0.25866952538490295,-0.19682208076119426,True,10000,higher,-0.22767624489551708,logbb_pred_shaker_retrained,9.999000099990002e-05,0.0008999100089991002,True,9,0,10000,10000
dummy_mean_regression,Dummy regression mean,logbb_pred_shaker_retrained,Matched-retrained logBB_pred strategy (Shaker et al.),all_threshold,All labelled compounds: threshold-derived,mcc,3156,,0.30682429441057296,,,,False,0,higher,,tie,9.999000099990002e-05,0.0008999100089991002,True,9,0,10000,10000
dummy_mean_regression,Dummy regression mean,logbb_pred_shaker_retrained,Matched-retrained logBB_pred strategy (Shaker et al.),all_threshold,All labelled compounds: threshold-derived,np_f1,3156,,0.32508250825082513,,,,False,0,higher,,tie,9.999000099990002e-05,0.0008999100089991002,True,9,0,10000,10000
dummy_mean_regression,Dummy regression mean,logbb_pred_shaker_retrained,Matched-retrained logBB_pred strategy (Shaker et al.),all_threshold,All labelled compounds: threshold-derived,np_precision,3156,,0.7848605577689243,,,,False,0,higher,,tie,9.999000099990002e-05,0.0008999100089991002,True,9,0,10000,10000
dummy_mean_regression,Dummy regression mean,logbb_pred_shaker_retrained,Matched-retrained logBB_pred strategy (Shaker et al.),all_threshold,All labelled compounds: threshold-derived,np_recall,3156,0.0,0.20499479708636836,-0.20499479708636836,-0.2310093641281128,-0.18002080917358398,True,10000,higher,-0.20499479708636836,logbb_pred_shaker_retrained,9.999000099990002e-05,0.0008999100089991002,True,9,0,10000,10000
dummy_mean_regression,Dummy regression mean,logbb_pred_shaker_retrained,Matched-retrained logBB_pred strategy (Shaker et al.),all_threshold,All labelled compounds: threshold-derived,np_wrong_side_count,3156,961.0,764.0,197.0,173.0,222.0,True,10000,lower,-197.0,logbb_pred_shaker_retrained,9.999000099990002e-05,0.0008999100089991002,True,9,0,10000,10000
dummy_mean_regression,Dummy regression mean,logbb_pred_shaker_retrained,Matched-retrained logBB_pred strategy (Shaker et al.),all_threshold,All labelled compounds: threshold-derived,pr_auc_nonpenetrant,3156,0.3044517861165018,0.6017080603576755,-0.29725627424117373,-0.32563203275203706,-0.26922964900732044,True,10000,higher,-0.29725627424117373,logbb_pred_shaker_retrained,9.999000099990002e-05,0.0008999100089991002,True,9,0,10000,10000
dummy_mean_regression,Dummy regression mean,logbb_pred_shaker_retrained,Matched-retrained logBB_pred strategy (Shaker et al.),all_threshold,All labelled compounds: threshold-derived,roc_auc,3156,0.5,0.7555839470559094,-0.25558394705590937,-0.27389175444841385,-0.2361330345273018,True,10000,higher,-0.25558394705590937,logbb_pred_shaker_retrained,9.999000099990002e-05,0.0008999100089991002,True,9,0,10000,10000
dummy_prior_classification,Dummy classification baseline,custom_mtl_original,Custom MTL LightGBM clean,all_threshold,All labelled compounds: threshold-derived,balanced_accuracy,3156,0.5,0.6127297163404672,-0.11272971634046725,-0.1273978441953659,-0.09878021478652954,True,10000,higher,-0.11272971634046725,custom_mtl_original,9.999000099990002e-05,0.0008999100089991002,True,9,0,10000,10000
dummy_prior_classification,Dummy classification baseline,custom_mtl_original,Custom MTL LightGBM clean,all_threshold,All labelled compounds: threshold-derived,cohens_kappa,3156,0.0,0.27818720281425996,-0.27818720281425996,-0.3118784368038177,-0.24569966532289986,True,10000,higher,-0.27818720281425996,custom_mtl_original,9.999000099990002e-05,0.0008999100089991002,True,9,0,10000,10000
dummy_prior_classification,Dummy classification baseline,custom_mtl_original,Custom MTL LightGBM clean,all_threshold,All labelled compounds: threshold-derived,mcc,3156,,0.34712569906073676,,,,False,0,higher,,tie,9.999000099990002e-05,0.0008999100089991002,True,9,0,10000,10000
dummy_prior_classification,Dummy classification baseline,custom_mtl_original,Custom MTL LightGBM clean,all_threshold,All labelled compounds: threshold-derived,np_f1,3156,,0.38618524332810045,,,,False,0,higher,,tie,9.999000099990002e-05,0.0008999100089991002,True,9,0,10000,10000
dummy_prior_classification,Dummy classification baseline,custom_mtl_original,Custom MTL LightGBM clean,all_threshold,All labelled compounds: threshold-derived,np_precision,3156,,0.7859424920127795,,,,False,0,higher,,tie,9.999000099990002e-05,0.0008999100089991002,True,9,0,10000,10000
dummy_prior_classification,Dummy classification baseline,custom_mtl_original,Custom MTL LightGBM clean,all_threshold,All labelled compounds: threshold-derived,np_recall,3156,0.0,0.2559833506763788,-0.2559833506763788,-0.28407907485961914,-0.22892819344997406,True,10000,higher,-0.2559833506763788,custom_mtl_original,9.999000099990002e-05,0.0008999100089991002,True,9,0,10000,10000
dummy_prior_classification,Dummy classification baseline,custom_mtl_original,Custom MTL LightGBM clean,all_threshold,All labelled compounds: threshold-derived,np_wrong_side_count,3156,961.0,715.0,246.0,220.0,273.0,True,10000,lower,-246.0,custom_mtl_original,9.999000099990002e-05,0.0008999100089991002,True,9,0,10000,10000
dummy_prior_classification,Dummy classification baseline,custom_mtl_original,Custom MTL LightGBM clean,all_threshold,All labelled compounds: threshold-derived,pr_auc_nonpenetrant,3156,0.30432319464580004,0.6305993087946029,-0.32627611414880286,-0.3534808784723282,-0.29916801750659944,True,10000,higher,-0.32627611414880286,custom_mtl_original,9.999000099990002e-05,0.0008999100089991002,True,9,0,10000,10000
dummy_prior_classification,Dummy classification baseline,custom_mtl_original,Custom MTL LightGBM clean,all_threshold,All labelled compounds: threshold-derived,roc_auc,3156,0.4995837669094693,0.7685777201519867,-0.26899395324251735,-0.2869320958852768,-0.25038657188415525,True,10000,higher,-0.26899395324251735,custom_mtl_original,9.999000099990002e-05,0.0008999100089991002,True,9,0,10000,10000
dummy_prior_classification,Dummy classification baseline,lightgbm_mse_regression,LightGBM MSE,all_threshold,All labelled compounds: threshold-derived,balanced_accuracy,3156,0.5,0.5857755422763399,-0.08577554227633988,-0.09865670949220656,-0.07334989160299302,True,10000,higher,-0.08577554227633988,lightgbm_mse_regression,9.999000099990002e-05,0.0008999100089991002,True,9,0,10000,10000
dummy_prior_classification,Dummy classification baseline,lightgbm_mse_regression,LightGBM MSE,all_threshold,All labelled compounds: threshold-derived,cohens_kappa,3156,0.0,0.21812674617311215,-0.21812674617311215,-0.24910664483904837,-0.18777652308344844,True,10000,higher,-0.21812674617311215,lightgbm_mse_regression,9.999000099990002e-05,0.0008999100089991002,True,9,0,10000,10000
dummy_prior_classification,Dummy classification baseline,lightgbm_mse_regression,LightGBM MSE,all_threshold,All labelled compounds: threshold-derived,mcc,3156,,0.30311225744385734,,,,False,0,higher,,tie,9.999000099990002e-05,0.0008999100089991002,True,9,0,10000,10000
dummy_prior_classification,Dummy classification baseline,lightgbm_mse_regression,LightGBM MSE,all_threshold,All labelled compounds: threshold-derived,np_f1,3156,,0.31040268456375836,,,,False,0,higher,,tie,9.999000099990002e-05,0.0008999100089991002,True,9,0,10000,10000
dummy_prior_classification,Dummy classification baseline,lightgbm_mse_regression,LightGBM MSE,all_threshold,All labelled compounds: threshold-derived,np_precision,3156,,0.8008658008658008,,,,False,0,higher,,tie,9.999000099990002e-05,0.0008999100089991002,True,9,0,10000,10000
dummy_prior_classification,Dummy classification baseline,lightgbm_mse_regression,LightGBM MSE,all_threshold,All labelled compounds: threshold-derived,np_recall,3156,0.0,0.19250780437044746,-0.19250780437044746,-0.217481791973114,-0.16857440769672394,True,10000,higher,-0.19250780437044746,lightgbm_mse_regression,9.999000099990002e-05,0.0008999100089991002,True,9,0,10000,10000
dummy_prior_classification,Dummy classification baseline,lightgbm_mse_regression,LightGBM MSE,all_threshold,All labelled compounds: threshold-derived,np_wrong_side_count,3156,961.0,776.0,185.0,162.0,209.0,True,10000,lower,-185.0,lightgbm_mse_regression,9.999000099990002e-05,0.0008999100089991002,True,9,0,10000,10000
dummy_prior_classification,Dummy classification baseline,lightgbm_mse_regression,LightGBM MSE,all_threshold,All labelled compounds: threshold-derived,pr_auc_nonpenetrant,3156,0.30432319464580004,0.6088044009908126,-0.3044812063450125,-0.33367482870817183,-0.27676261961460114,True,10000,higher,-0.3044812063450125,lightgbm_mse_regression,9.999000099990002e-05,0.0008999100089991002,True,9,0,10000,10000
dummy_prior_classification,Dummy classification baseline,lightgbm_mse_regression,LightGBM MSE,all_threshold,All labelled compounds: threshold-derived,roc_auc,3156,0.4995837669094693,0.7576689050651965,-0.25808513815572715,-0.27648543268442155,-0.2393245354294777,True,10000,higher,-0.25808513815572715,lightgbm_mse_regression,9.999000099990002e-05,0.0008999100089991002,True,9,0,10000,10000
dummy_prior_classification,Dummy classification baseline,logbb_pred_shaker_retrained,Matched-retrained logBB_pred strategy (Shaker et al.),all_threshold,All labelled compounds: threshold-derived,balanced_accuracy,3156,0.5,0.5901967151718858,-0.09019671517188577,-0.10333341360092163,-0.07738357782363892,True,10000,higher,-0.09019671517188577,logbb_pred_shaker_retrained,9.999000099990002e-05,0.0008999100089991002,True,9,0,10000,10000
dummy_prior_classification,Dummy classification baseline,logbb_pred_shaker_retrained,Matched-retrained logBB_pred strategy (Shaker et al.),all_threshold,All labelled compounds: threshold-derived,cohens_kappa,3156,0.0,0.22767624489551708,-0.22767624489551708,-0.25866952538490295,-0.19682208076119426,True,10000,higher,-0.22767624489551708,logbb_pred_shaker_retrained,9.999000099990002e-05,0.0008999100089991002,True,9,0,10000,10000
dummy_prior_classification,Dummy classification baseline,logbb_pred_shaker_retrained,Matched-retrained logBB_pred strategy (Shaker et al.),all_threshold,All labelled compounds: threshold-derived,mcc,3156,,0.30682429441057296,,,,False,0,higher,,tie,9.999000099990002e-05,0.0008999100089991002,True,9,0,10000,10000
dummy_prior_classification,Dummy classification baseline,logbb_pred_shaker_retrained,Matched-retrained logBB_pred strategy (Shaker et al.),all_threshold,All labelled compounds: threshold-derived,np_f1,3156,,0.32508250825082513,,,,False,0,higher,,tie,9.999000099990002e-05,0.0008999100089991002,True,9,0,10000,10000
dummy_prior_classification,Dummy classification baseline,logbb_pred_shaker_retrained,Matched-retrained logBB_pred strategy (Shaker et al.),all_threshold,All labelled compounds: threshold-derived,np_precision,3156,,0.7848605577689243,,,,False,0,higher,,tie,9.999000099990002e-05,0.0008999100089991002,True,9,0,10000,10000
dummy_prior_classification,Dummy classification baseline,logbb_pred_shaker_retrained,Matched-retrained logBB_pred strategy (Shaker et al.),all_threshold,All labelled compounds: threshold-derived,np_recall,3156,0.0,0.20499479708636836,-0.20499479708636836,-0.2310093641281128,-0.18002080917358398,True,10000,higher,-0.20499479708636836,logbb_pred_shaker_retrained,9.999000099990002e-05,0.0008999100089991002,True,9,0,10000,10000
dummy_prior_classification,Dummy classification baseline,logbb_pred_shaker_retrained,Matched-retrained logBB_pred strategy (Shaker et al.),all_threshold,All labelled compounds: threshold-derived,np_wrong_side_count,3156,961.0,764.0,197.0,173.0,222.0,True,10000,lower,-197.0,logbb_pred_shaker_retrained,9.999000099990002e-05,0.0008999100089991002,True,9,0,10000,10000
dummy_prior_classification,Dummy classification baseline,logbb_pred_shaker_retrained,Matched-retrained logBB_pred strategy (Shaker et al.),all_threshold,All labelled compounds: threshold-derived,pr_auc_nonpenetrant,3156,0.30432319464580004,0.6017080603576755,-0.2973848657118755,-0.32576062977313996,-0.26935824602842334,True,10000,higher,-0.2973848657118755,logbb_pred_shaker_retrained,9.999000099990002e-05,0.0008999100089991002,True,9,0,10000,10000
dummy_prior_classification,Dummy classification baseline,logbb_pred_shaker_retrained,Matched-retrained logBB_pred strategy (Shaker et al.),all_threshold,All labelled compounds: threshold-derived,roc_auc,3156,0.4995837669094693,0.7555839470559094,-0.25600018014644005,-0.2743079736828804,-0.23654925376176836,True,10000,higher,-0.25600018014644005,logbb_pred_shaker_retrained,9.999000099990002e-05,0.0008999100089991002,True,9,0,10000,10000
lightgbm_mse_regression,LightGBM MSE,custom_mtl_original,Custom MTL LightGBM clean,all_threshold,All labelled compounds: threshold-derived,balanced_accuracy,3156,0.5857755422763399,0.6127297163404672,-0.026954174064127367,-0.03794509619474411,-0.016191184520721436,True,10000,higher,-0.026954174064127367,custom_mtl_original,9.999000099990002e-05,0.0008999100089991002,True,9,0,10000,10000
lightgbm_mse_regression,LightGBM MSE,custom_mtl_original,Custom MTL LightGBM clean,all_threshold,All labelled compounds: threshold-derived,cohens_kappa,3156,0.21812674617311215,0.27818720281425996,-0.060060456641147814,-0.0863524317741394,-0.03419350683689118,True,10000,higher,-0.060060456641147814,custom_mtl_original,9.999000099990002e-05,0.0008999100089991002,True,9,0,10000,10000
lightgbm_mse_regression,LightGBM MSE,custom_mtl_original,Custom MTL LightGBM clean,all_threshold,All labelled compounds: threshold-derived,mcc,3156,0.30311225744385734,0.34712569906073676,-0.04401344161687942,-0.07328900024294853,-0.015252127498388302,True,10000,higher,-0.04401344161687942,custom_mtl_original,0.0044995500449955,0.008999100089991,True,9,44,10000,10000
lightgbm_mse_regression,LightGBM MSE,custom_mtl_original,Custom MTL LightGBM clean,all_threshold,All labelled compounds: threshold-derived,np_f1,3156,0.31040268456375836,0.38618524332810045,-0.07578255876434209,-0.10297911465167998,-0.04894765540957451,True,10000,higher,-0.07578255876434209,custom_mtl_original,9.999000099990002e-05,0.0008999100089991002,True,9,0,10000,10000
lightgbm_mse_regression,LightGBM MSE,custom_mtl_original,Custom MTL LightGBM clean,all_threshold,All labelled compounds: threshold-derived,np_precision,3156,0.8008658008658008,0.7859424920127795,0.014923308853021289,-0.027616694569587708,0.057478882372379296,False,10000,higher,0.014923308853021289,lightgbm_mse_regression,0.49365063493650635,0.49365063493650635,False,9,4936,10000,10000
lightgbm_mse_regression,LightGBM MSE,custom_mtl_original,Custom MTL LightGBM clean,all_threshold,All labelled compounds: threshold-derived,np_recall,3156,0.19250780437044746,0.2559833506763788,-0.06347554630593133,-0.08428721129894257,-0.042663902044296265,True,10000,higher,-0.06347554630593133,custom_mtl_original,9.999000099990002e-05,0.0008999100089991002,True,9,0,10000,10000
lightgbm_mse_regression,LightGBM MSE,custom_mtl_original,Custom MTL LightGBM clean,all_threshold,All labelled compounds: threshold-derived,np_wrong_side_count,3156,776.0,715.0,61.0,41.0,81.0,True,10000,lower,-61.0,custom_mtl_original,9.999000099990002e-05,0.0008999100089991002,True,9,0,10000,10000
lightgbm_mse_regression,LightGBM MSE,custom_mtl_original,Custom MTL LightGBM clean,all_threshold,All labelled compounds: threshold-derived,pr_auc_nonpenetrant,3156,0.6088044009908126,0.6305993087946029,-0.021794907803790342,-0.03493402749300003,-0.007836268842220318,True,10000,higher,-0.021794907803790342,custom_mtl_original,0.0028997100289971,0.0086991300869913,True,9,28,10000,10000
lightgbm_mse_regression,LightGBM MSE,custom_mtl_original,Custom MTL LightGBM clean,all_threshold,All labelled compounds: threshold-derived,roc_auc,3156,0.7576689050651965,0.7685777201519867,-0.010908815086790202,-0.017000304162502287,-0.0047205924987793,True,10000,higher,-0.010908815086790202,custom_mtl_original,0.000999900009999,0.003999600039996,True,9,9,10000,10000
lightgbm_mse_regression,LightGBM MSE,logbb_pred_shaker_retrained,Matched-retrained logBB_pred strategy (Shaker et al.),all_threshold,All labelled compounds: threshold-derived,balanced_accuracy,3156,0.5857755422763399,0.5901967151718858,-0.0044211728955458884,-0.016356825828552246,0.007352174818515766,False,10000,higher,-0.0044211728955458884,logbb_pred_shaker_retrained,0.45595440455954406,1.0,False,9,4559,10000,10000
lightgbm_mse_regression,LightGBM MSE,logbb_pred_shaker_retrained,Matched-retrained logBB_pred strategy (Shaker et al.),all_threshold,All labelled compounds: threshold-derived,cohens_kappa,3156,0.21812674617311215,0.22767624489551708,-0.009549498722404931,-0.03814487531781196,0.018878813087940198,False,10000,higher,-0.009549498722404931,logbb_pred_shaker_retrained,0.5137486251374862,1.0,False,9,5137,10000,10000
lightgbm_mse_regression,LightGBM MSE,logbb_pred_shaker_retrained,Matched-retrained logBB_pred strategy (Shaker et al.),all_threshold,All labelled compounds: threshold-derived,mcc,3156,0.30311225744385734,0.30682429441057296,-0.003712036966715626,-0.03665180429816246,0.02915072813630103,False,10000,higher,-0.003712036966715626,logbb_pred_shaker_retrained,0.8263173682631737,1.0,False,9,8263,10000,10000
lightgbm_mse_regression,LightGBM MSE,logbb_pred_shaker_retrained,Matched-retrained logBB_pred strategy (Shaker et al.),all_threshold,All labelled compounds: threshold-derived,np_f1,3156,0.31040268456375836,0.32508250825082513,-0.014679823687066773,-0.04569262489676473,0.016133216023445116,False,10000,higher,-0.014679823687066773,logbb_pred_shaker_retrained,0.3408659134086591,1.0,False,9,3408,10000,10000
lightgbm_mse_regression,LightGBM MSE,logbb_pred_shaker_retrained,Matched-retrained logBB_pred strategy (Shaker et al.),all_threshold,All labelled compounds: threshold-derived,np_precision,3156,0.8008658008658008,0.7848605577689243,0.016005243096876565,-0.03493715077638625,0.06763087213039397,False,10000,higher,0.016005243096876565,lightgbm_mse_regression,0.5511448855114488,1.0,False,9,5511,10000,10000
lightgbm_mse_regression,LightGBM MSE,logbb_pred_shaker_retrained,Matched-retrained logBB_pred strategy (Shaker et al.),all_threshold,All labelled compounds: threshold-derived,np_recall,3156,0.19250780437044746,0.20499479708636836,-0.012486992715920908,-0.035379812121391296,0.010405823588371277,False,10000,higher,-0.012486992715920908,logbb_pred_shaker_retrained,0.31226877312268775,1.0,False,9,3122,10000,10000
lightgbm_mse_regression,LightGBM MSE,logbb_pred_shaker_retrained,Matched-retrained logBB_pred strategy (Shaker et al.),all_threshold,All labelled compounds: threshold-derived,np_wrong_side_count,3156,776.0,764.0,12.0,-10.0,34.0,False,10000,lower,-12.0,logbb_pred_shaker_retrained,0.31226877312268775,1.0,False,9,3122,10000,10000
lightgbm_mse_regression,LightGBM MSE,logbb_pred_shaker_retrained,Matched-retrained logBB_pred strategy (Shaker et al.),all_threshold,All labelled compounds: threshold-derived,pr_auc_nonpenetrant,3156,0.6088044009908126,0.6017080603576755,0.007096340633137022,-0.01008711904287338,0.0244247019290924,False,10000,higher,0.007096340633137022,lightgbm_mse_regression,0.41475852414758524,1.0,False,9,4147,10000,10000
lightgbm_mse_regression,LightGBM MSE,logbb_pred_shaker_retrained,Matched-retrained logBB_pred strategy (Shaker et al.),all_threshold,All labelled compounds: threshold-derived,roc_auc,3156,0.7576689050651965,0.7555839470559094,0.0020849580092870967,-0.00498474687337875,0.009397029876708984,False,10000,higher,0.0020849580092870967,lightgbm_mse_regression,0.5645435456454354,1.0,False,9,5645,10000,10000
