feature,n_nonmissing,missing_fraction,n_unique_nonmissing,status
ECFP_0,3156,0.0,2,included
ECFP_1,3156,0.0,2,included
ECFP_2,3156,0.0,2,included
ECFP_3,3156,0.0,2,included
ECFP_4,3156,0.0,2,included
ECFP_5,3156,0.0,2,included
ECFP_6,3156,0.0,2,included
ECFP_7,3156,0.0,2,included
ECFP_8,3156,0.0,2,included
ECFP_9,3156,0.0,2,included
ECFP_10,3156,0.0,2,included
ECFP_11,3156,0.0,2,included
ECFP_12,3156,0.0,2,included
ECFP_13,3156,0.0,2,included
ECFP_14,3156,0.0,2,included
ECFP_15,3156,0.0,2,included
ECFP_16,3156,0.0,2,included
ECFP_17,3156,0.0,2,included
ECFP_18,3156,0.0,2,included
ECFP_19,3156,0.0,2,included
ECFP_20,3156,0.0,2,included
ECFP_21,3156,0.0,2,included
ECFP_22,3156,0.0,2,included
ECFP_23,3156,0.0,2,included
ECFP_24,3156,0.0,2,included
ECFP_25,3156,0.0,2,included
ECFP_26,3156,0.0,2,included
ECFP_27,3156,0.0,2,included
ECFP_28,3156,0.0,2,included
ECFP_29,3156,0.0,2,included
ECFP_30,3156,0.0,2,included
ECFP_31,3156,0.0,2,included
ECFP_32,3156,0.0,2,included
ECFP_33,3156,0.0,2,included
ECFP_34,3156,0.0,2,included
ECFP_35,3156,0.0,2,included
ECFP_36,3156,0.0,2,included
ECFP_37,3156,0.0,2,included
ECFP_38,3156,0.0,2,included
ECFP_39,3156,0.0,2,included
ECFP_40,3156,0.0,2,included
ECFP_41,3156,0.0,2,included
ECFP_42,3156,0.0,2,included
ECFP_43,3156,0.0,2,included
ECFP_44,3156,0.0,2,included
ECFP_45,3156,0.0,2,included
ECFP_46,3156,0.0,2,included
ECFP_47,3156,0.0,2,included
ECFP_48,3156,0.0,2,included
ECFP_49,3156,0.0,2,included
ECFP_50,3156,0.0,2,included
ECFP_51,3156,0.0,2,included
ECFP_52,3156,0.0,2,included
ECFP_53,3156,0.0,2,included
ECFP_54,3156,0.0,2,included
ECFP_55,3156,0.0,2,included
ECFP_56,3156,0.0,2,included
ECFP_57,3156,0.0,2,included
ECFP_58,3156,0.0,2,included
ECFP_59,3156,0.0,2,included
ECFP_60,3156,0.0,2,included
ECFP_61,3156,0.0,2,included
ECFP_62,3156,0.0,2,included
ECFP_63,3156,0.0,2,included
ECFP_64,3156,0.0,2,included
ECFP_65,3156,0.0,2,included
ECFP_66,3156,0.0,2,included
ECFP_67,3156,0.0,2,included
ECFP_68,3156,0.0,2,included
ECFP_69,3156,0.0,2,included
ECFP_70,3156,0.0,2,included
ECFP_71,3156,0.0,2,included
ECFP_72,3156,0.0,2,included
ECFP_73,3156,0.0,2,included
ECFP_74,3156,0.0,2,included
ECFP_75,3156,0.0,2,included
ECFP_76,3156,0.0,2,included
ECFP_77,3156,0.0,2,included
ECFP_78,3156,0.0,2,included
ECFP_79,3156,0.0,2,included
ECFP_80,3156,0.0,2,included
ECFP_81,3156,0.0,2,included
ECFP_82,3156,0.0,2,included
ECFP_83,3156,0.0,2,included
ECFP_84,3156,0.0,2,included
ECFP_85,3156,0.0,2,included
ECFP_86,3156,0.0,2,included
ECFP_87,3156,0.0,2,included
ECFP_88,3156,0.0,2,included
ECFP_89,3156,0.0,2,included
ECFP_90,3156,0.0,2,included
ECFP_91,3156,0.0,2,included
ECFP_92,3156,0.0,2,included
ECFP_93,3156,0.0,2,included
ECFP_94,3156,0.0,2,included
ECFP_95,3156,0.0,2,included
ECFP_96,3156,0.0,2,included
ECFP_97,3156,0.0,2,included
ECFP_98,3156,0.0,2,included
ECFP_99,3156,0.0,2,included
ECFP_100,3156,0.0,2,included
ECFP_101,3156,0.0,2,included
ECFP_102,3156,0.0,2,included
ECFP_103,3156,0.0,2,included
ECFP_104,3156,0.0,2,included
ECFP_105,3156,0.0,2,included
ECFP_106,3156,0.0,2,included
ECFP_107,3156,0.0,2,included
ECFP_108,3156,0.0,2,included
ECFP_109,3156,0.0,2,included
ECFP_110,3156,0.0,2,included
ECFP_111,3156,0.0,2,included
ECFP_112,3156,0.0,2,included
ECFP_113,3156,0.0,2,included
ECFP_114,3156,0.0,2,included
ECFP_115,3156,0.0,2,included
ECFP_116,3156,0.0,2,included
ECFP_117,3156,0.0,2,included
ECFP_118,3156,0.0,2,included
ECFP_119,3156,0.0,2,included
ECFP_120,3156,0.0,2,included
ECFP_121,3156,0.0,2,included
ECFP_122,3156,0.0,2,included
ECFP_123,3156,0.0,2,included
ECFP_124,3156,0.0,2,included
ECFP_125,3156,0.0,2,included
ECFP_126,3156,0.0,2,included
ECFP_127,3156,0.0,2,included
ECFP_128,3156,0.0,2,included
ECFP_129,3156,0.0,2,included
ECFP_130,3156,0.0,2,included
ECFP_131,3156,0.0,2,included
ECFP_132,3156,0.0,2,included
ECFP_133,3156,0.0,2,included
ECFP_134,3156,0.0,2,included
ECFP_135,3156,0.0,2,included
ECFP_136,3156,0.0,2,included
ECFP_137,3156,0.0,2,included
ECFP_138,3156,0.0,2,included
ECFP_139,3156,0.0,2,included
ECFP_140,3156,0.0,2,included
ECFP_141,3156,0.0,2,included
ECFP_142,3156,0.0,2,included
ECFP_143,3156,0.0,2,included
ECFP_144,3156,0.0,2,included
ECFP_145,3156,0.0,2,included
ECFP_146,3156,0.0,2,included
ECFP_147,3156,0.0,2,included
ECFP_148,3156,0.0,2,included
ECFP_149,3156,0.0,2,included
ECFP_150,3156,0.0,2,included
ECFP_151,3156,0.0,2,included
ECFP_152,3156,0.0,2,included
ECFP_153,3156,0.0,2,included
ECFP_154,3156,0.0,2,included
ECFP_155,3156,0.0,2,included
ECFP_156,3156,0.0,2,included
ECFP_157,3156,0.0,2,included
ECFP_158,3156,0.0,2,included
ECFP_159,3156,0.0,2,included
ECFP_160,3156,0.0,2,included
ECFP_161,3156,0.0,2,included
ECFP_162,3156,0.0,2,included
ECFP_163,3156,0.0,2,included
ECFP_164,3156,0.0,2,included
ECFP_165,3156,0.0,2,included
ECFP_166,3156,0.0,2,included
ECFP_167,3156,0.0,2,included
ECFP_168,3156,0.0,2,included
ECFP_169,3156,0.0,2,included
ECFP_170,3156,0.0,2,included
ECFP_171,3156,0.0,2,included
ECFP_172,3156,0.0,2,included
ECFP_173,3156,0.0,2,included
ECFP_174,3156,0.0,2,included
ECFP_175,3156,0.0,2,included
ECFP_176,3156,0.0,2,included
ECFP_177,3156,0.0,2,included
ECFP_178,3156,0.0,2,included
ECFP_179,3156,0.0,2,included
ECFP_180,3156,0.0,2,included
ECFP_181,3156,0.0,2,included
ECFP_182,3156,0.0,2,included
ECFP_183,3156,0.0,2,included
ECFP_184,3156,0.0,2,included
ECFP_185,3156,0.0,2,included
ECFP_186,3156,0.0,2,included
ECFP_187,3156,0.0,2,included
ECFP_188,3156,0.0,2,included
ECFP_189,3156,0.0,2,included
ECFP_190,3156,0.0,2,included
ECFP_191,3156,0.0,2,included
ECFP_192,3156,0.0,2,included
ECFP_193,3156,0.0,2,included
ECFP_194,3156,0.0,2,included
ECFP_195,3156,0.0,2,included
ECFP_196,3156,0.0,2,included
ECFP_197,3156,0.0,2,included
ECFP_198,3156,0.0,2,included
ECFP_199,3156,0.0,2,included
ECFP_200,3156,0.0,2,included
ECFP_201,3156,0.0,2,included
ECFP_202,3156,0.0,2,included
ECFP_203,3156,0.0,2,included
ECFP_204,3156,0.0,2,included
ECFP_205,3156,0.0,2,included
ECFP_206,3156,0.0,2,included
ECFP_207,3156,0.0,2,included
ECFP_208,3156,0.0,2,included
ECFP_209,3156,0.0,2,included
ECFP_210,3156,0.0,2,included
ECFP_211,3156,0.0,2,included
ECFP_212,3156,0.0,2,included
ECFP_213,3156,0.0,2,included
ECFP_214,3156,0.0,2,included
ECFP_215,3156,0.0,2,included
ECFP_216,3156,0.0,2,included
ECFP_217,3156,0.0,2,included
ECFP_218,3156,0.0,2,included
ECFP_219,3156,0.0,2,included
ECFP_220,3156,0.0,2,included
ECFP_221,3156,0.0,2,included
ECFP_222,3156,0.0,2,included
ECFP_223,3156,0.0,2,included
ECFP_224,3156,0.0,2,included
ECFP_225,3156,0.0,2,included
ECFP_226,3156,0.0,2,included
ECFP_227,3156,0.0,2,included
ECFP_228,3156,0.0,2,included
ECFP_229,3156,0.0,2,included
ECFP_230,3156,0.0,2,included
ECFP_231,3156,0.0,2,included
ECFP_232,3156,0.0,2,included
ECFP_233,3156,0.0,2,included
ECFP_234,3156,0.0,2,included
ECFP_235,3156,0.0,2,included
ECFP_236,3156,0.0,2,included
ECFP_237,3156,0.0,2,included
ECFP_238,3156,0.0,2,included
ECFP_239,3156,0.0,2,included
ECFP_240,3156,0.0,2,included
ECFP_241,3156,0.0,2,included
ECFP_242,3156,0.0,2,included
ECFP_243,3156,0.0,2,included
ECFP_244,3156,0.0,2,included
ECFP_245,3156,0.0,2,included
ECFP_246,3156,0.0,2,included
ECFP_247,3156,0.0,2,included
ECFP_248,3156,0.0,2,included
ECFP_249,3156,0.0,2,included
ECFP_250,3156,0.0,2,included
ECFP_251,3156,0.0,2,included
ECFP_252,3156,0.0,2,included
ECFP_253,3156,0.0,2,included
ECFP_254,3156,0.0,2,included
ECFP_255,3156,0.0,2,included
ECFP_256,3156,0.0,2,included
ECFP_257,3156,0.0,2,included
ECFP_258,3156,0.0,2,included
ECFP_259,3156,0.0,2,included
ECFP_260,3156,0.0,2,included
ECFP_261,3156,0.0,2,included
ECFP_262,3156,0.0,2,included
ECFP_263,3156,0.0,2,included
ECFP_264,3156,0.0,2,included
ECFP_265,3156,0.0,2,included
ECFP_266,3156,0.0,2,included
ECFP_267,3156,0.0,2,included
ECFP_268,3156,0.0,2,included
ECFP_269,3156,0.0,2,included
ECFP_270,3156,0.0,2,included
ECFP_271,3156,0.0,2,included
ECFP_272,3156,0.0,2,included
ECFP_273,3156,0.0,2,included
ECFP_274,3156,0.0,2,included
ECFP_275,3156,0.0,2,included
ECFP_276,3156,0.0,2,included
ECFP_277,3156,0.0,2,included
ECFP_278,3156,0.0,2,included
ECFP_279,3156,0.0,2,included
ECFP_280,3156,0.0,2,included
ECFP_281,3156,0.0,2,included
ECFP_282,3156,0.0,2,included
ECFP_283,3156,0.0,2,included
ECFP_284,3156,0.0,2,included
ECFP_285,3156,0.0,2,included
ECFP_286,3156,0.0,2,included
ECFP_287,3156,0.0,2,included
ECFP_288,3156,0.0,2,included
ECFP_289,3156,0.0,2,included
ECFP_290,3156,0.0,2,included
ECFP_291,3156,0.0,2,included
ECFP_292,3156,0.0,2,included
ECFP_293,3156,0.0,2,included
ECFP_294,3156,0.0,2,included
ECFP_295,3156,0.0,2,included
ECFP_296,3156,0.0,2,included
ECFP_297,3156,0.0,2,included
ECFP_298,3156,0.0,2,included
ECFP_299,3156,0.0,2,included
ECFP_300,3156,0.0,2,included
ECFP_301,3156,0.0,2,included
ECFP_302,3156,0.0,2,included
ECFP_303,3156,0.0,2,included
ECFP_304,3156,0.0,2,included
ECFP_305,3156,0.0,2,included
ECFP_306,3156,0.0,2,included
ECFP_307,3156,0.0,2,included
ECFP_308,3156,0.0,2,included
ECFP_309,3156,0.0,2,included
ECFP_310,3156,0.0,2,included
ECFP_311,3156,0.0,2,included
ECFP_312,3156,0.0,2,included
ECFP_313,3156,0.0,2,included
ECFP_314,3156,0.0,2,included
ECFP_315,3156,0.0,2,included
ECFP_316,3156,0.0,2,included
ECFP_317,3156,0.0,2,included
ECFP_318,3156,0.0,2,included
ECFP_319,3156,0.0,2,included
ECFP_320,3156,0.0,2,included
ECFP_321,3156,0.0,2,included
ECFP_322,3156,0.0,2,included
ECFP_323,3156,0.0,2,included
ECFP_324,3156,0.0,2,included
ECFP_325,3156,0.0,2,included
ECFP_326,3156,0.0,2,included
ECFP_327,3156,0.0,2,included
ECFP_328,3156,0.0,2,included
ECFP_329,3156,0.0,2,included
ECFP_330,3156,0.0,2,included
ECFP_331,3156,0.0,2,included
ECFP_332,3156,0.0,2,included
ECFP_333,3156,0.0,2,included
ECFP_334,3156,0.0,2,included
ECFP_335,3156,0.0,2,included
ECFP_336,3156,0.0,2,included
ECFP_337,3156,0.0,2,included
ECFP_338,3156,0.0,2,included
ECFP_339,3156,0.0,2,included
ECFP_340,3156,0.0,2,included
ECFP_341,3156,0.0,2,included
ECFP_342,3156,0.0,2,included
ECFP_343,3156,0.0,2,included
ECFP_344,3156,0.0,2,included
ECFP_345,3156,0.0,2,included
ECFP_346,3156,0.0,2,included
ECFP_347,3156,0.0,2,included
ECFP_348,3156,0.0,2,included
ECFP_349,3156,0.0,2,included
ECFP_350,3156,0.0,2,included
ECFP_351,3156,0.0,2,included
ECFP_352,3156,0.0,2,included
ECFP_353,3156,0.0,2,included
ECFP_354,3156,0.0,2,included
ECFP_355,3156,0.0,2,included
ECFP_356,3156,0.0,2,included
ECFP_357,3156,0.0,2,included
ECFP_358,3156,0.0,2,included
ECFP_359,3156,0.0,2,included
ECFP_360,3156,0.0,2,included
ECFP_361,3156,0.0,2,included
ECFP_362,3156,0.0,2,included
ECFP_363,3156,0.0,2,included
ECFP_364,3156,0.0,2,included
ECFP_365,3156,0.0,2,included
ECFP_366,3156,0.0,2,included
ECFP_367,3156,0.0,2,included
ECFP_368,3156,0.0,2,included
ECFP_369,3156,0.0,2,included
ECFP_370,3156,0.0,2,included
ECFP_371,3156,0.0,2,included
ECFP_372,3156,0.0,2,included
ECFP_373,3156,0.0,2,included
ECFP_374,3156,0.0,2,included
ECFP_375,3156,0.0,2,included
ECFP_376,3156,0.0,2,included
ECFP_377,3156,0.0,2,included
ECFP_378,3156,0.0,2,included
ECFP_379,3156,0.0,2,included
ECFP_380,3156,0.0,2,included
ECFP_381,3156,0.0,2,included
ECFP_382,3156,0.0,2,included
ECFP_383,3156,0.0,2,included
ECFP_384,3156,0.0,2,included
ECFP_385,3156,0.0,2,included
ECFP_386,3156,0.0,2,included
ECFP_387,3156,0.0,2,included
ECFP_388,3156,0.0,2,included
ECFP_389,3156,0.0,2,included
ECFP_390,3156,0.0,2,included
ECFP_391,3156,0.0,2,included
ECFP_392,3156,0.0,2,included
ECFP_393,3156,0.0,2,included
ECFP_394,3156,0.0,2,included
ECFP_395,3156,0.0,2,included
ECFP_396,3156,0.0,2,included
ECFP_397,3156,0.0,2,included
ECFP_398,3156,0.0,2,included
ECFP_399,3156,0.0,2,included
ECFP_400,3156,0.0,2,included
ECFP_401,3156,0.0,2,included
ECFP_402,3156,0.0,2,included
ECFP_403,3156,0.0,2,included
ECFP_404,3156,0.0,2,included
ECFP_405,3156,0.0,2,included
ECFP_406,3156,0.0,2,included
ECFP_407,3156,0.0,2,included
ECFP_408,3156,0.0,2,included
ECFP_409,3156,0.0,2,included
ECFP_410,3156,0.0,2,included
ECFP_411,3156,0.0,2,included
ECFP_412,3156,0.0,2,included
ECFP_413,3156,0.0,2,included
ECFP_414,3156,0.0,2,included
ECFP_415,3156,0.0,2,included
ECFP_416,3156,0.0,2,included
ECFP_417,3156,0.0,2,included
ECFP_418,3156,0.0,2,included
ECFP_419,3156,0.0,2,included
ECFP_420,3156,0.0,2,included
ECFP_421,3156,0.0,2,included
ECFP_422,3156,0.0,2,included
ECFP_423,3156,0.0,2,included
ECFP_424,3156,0.0,2,included
ECFP_425,3156,0.0,2,included
ECFP_426,3156,0.0,2,included
ECFP_427,3156,0.0,2,included
ECFP_428,3156,0.0,2,included
ECFP_429,3156,0.0,2,included
ECFP_430,3156,0.0,2,included
ECFP_431,3156,0.0,2,included
ECFP_432,3156,0.0,2,included
ECFP_433,3156,0.0,2,included
ECFP_434,3156,0.0,2,included
ECFP_435,3156,0.0,2,included
ECFP_436,3156,0.0,2,included
ECFP_437,3156,0.0,2,included
ECFP_438,3156,0.0,2,included
ECFP_439,3156,0.0,2,included
ECFP_440,3156,0.0,2,included
ECFP_441,3156,0.0,2,included
ECFP_442,3156,0.0,2,included
ECFP_443,3156,0.0,2,included
ECFP_444,3156,0.0,2,included
ECFP_445,3156,0.0,2,included
ECFP_446,3156,0.0,2,included
ECFP_447,3156,0.0,2,included
ECFP_448,3156,0.0,2,included
ECFP_449,3156,0.0,2,included
ECFP_450,3156,0.0,2,included
ECFP_451,3156,0.0,2,included
ECFP_452,3156,0.0,2,included
ECFP_453,3156,0.0,2,included
ECFP_454,3156,0.0,2,included
ECFP_455,3156,0.0,2,included
ECFP_456,3156,0.0,2,included
ECFP_457,3156,0.0,2,included
ECFP_458,3156,0.0,2,included
ECFP_459,3156,0.0,2,included
ECFP_460,3156,0.0,2,included
ECFP_461,3156,0.0,2,included
ECFP_462,3156,0.0,2,included
ECFP_463,3156,0.0,2,included
ECFP_464,3156,0.0,2,included
ECFP_465,3156,0.0,2,included
ECFP_466,3156,0.0,2,included
ECFP_467,3156,0.0,2,included
ECFP_468,3156,0.0,2,included
ECFP_469,3156,0.0,2,included
ECFP_470,3156,0.0,2,included
ECFP_471,3156,0.0,2,included
ECFP_472,3156,0.0,2,included
ECFP_473,3156,0.0,2,included
ECFP_474,3156,0.0,2,included
ECFP_475,3156,0.0,2,included
ECFP_476,3156,0.0,2,included
ECFP_477,3156,0.0,2,included
ECFP_478,3156,0.0,2,included
ECFP_479,3156,0.0,2,included
ECFP_480,3156,0.0,2,included
ECFP_481,3156,0.0,2,included
ECFP_482,3156,0.0,2,included
ECFP_483,3156,0.0,2,included
ECFP_484,3156,0.0,2,included
ECFP_485,3156,0.0,2,included
ECFP_486,3156,0.0,2,included
ECFP_487,3156,0.0,2,included
ECFP_488,3156,0.0,2,included
ECFP_489,3156,0.0,2,included
ECFP_490,3156,0.0,2,included
ECFP_491,3156,0.0,2,included
ECFP_492,3156,0.0,2,included
ECFP_493,3156,0.0,2,included
ECFP_494,3156,0.0,2,included
ECFP_495,3156,0.0,2,included
ECFP_496,3156,0.0,2,included
ECFP_497,3156,0.0,2,included
ECFP_498,3156,0.0,2,included
ECFP_499,3156,0.0,2,included
ECFP_500,3156,0.0,2,included
ECFP_501,3156,0.0,2,included
ECFP_502,3156,0.0,2,included
ECFP_503,3156,0.0,2,included
ECFP_504,3156,0.0,2,included
ECFP_505,3156,0.0,2,included
ECFP_506,3156,0.0,2,included
ECFP_507,3156,0.0,2,included
ECFP_508,3156,0.0,2,included
ECFP_509,3156,0.0,2,included
ECFP_510,3156,0.0,2,included
ECFP_511,3156,0.0,2,included
ECFP_512,3156,0.0,2,included
ECFP_513,3156,0.0,2,included
ECFP_514,3156,0.0,2,included
ECFP_515,3156,0.0,2,included
ECFP_516,3156,0.0,2,included
ECFP_517,3156,0.0,2,included
ECFP_518,3156,0.0,2,included
ECFP_519,3156,0.0,2,included
ECFP_520,3156,0.0,2,included
ECFP_521,3156,0.0,2,included
ECFP_522,3156,0.0,2,included
ECFP_523,3156,0.0,2,included
ECFP_524,3156,0.0,2,included
ECFP_525,3156,0.0,2,included
ECFP_526,3156,0.0,2,included
ECFP_527,3156,0.0,2,included
ECFP_528,3156,0.0,2,included
ECFP_529,3156,0.0,2,included
ECFP_530,3156,0.0,2,included
ECFP_531,3156,0.0,2,included
ECFP_532,3156,0.0,2,included
ECFP_533,3156,0.0,2,included
ECFP_534,3156,0.0,2,included
ECFP_535,3156,0.0,2,included
ECFP_536,3156,0.0,2,included
ECFP_537,3156,0.0,2,included
ECFP_538,3156,0.0,2,included
ECFP_539,3156,0.0,2,included
ECFP_540,3156,0.0,2,included
ECFP_541,3156,0.0,2,included
ECFP_542,3156,0.0,2,included
ECFP_543,3156,0.0,2,included
ECFP_544,3156,0.0,2,included
ECFP_545,3156,0.0,2,included
ECFP_546,3156,0.0,2,included
ECFP_547,3156,0.0,2,included
ECFP_548,3156,0.0,2,included
ECFP_549,3156,0.0,2,included
ECFP_550,3156,0.0,2,included
ECFP_551,3156,0.0,2,included
ECFP_552,3156,0.0,2,included
ECFP_553,3156,0.0,2,included
ECFP_554,3156,0.0,2,included
ECFP_555,3156,0.0,2,included
ECFP_556,3156,0.0,2,included
ECFP_557,3156,0.0,2,included
ECFP_558,3156,0.0,2,included
ECFP_559,3156,0.0,2,included
ECFP_560,3156,0.0,2,included
ECFP_561,3156,0.0,2,included
ECFP_562,3156,0.0,2,included
ECFP_563,3156,0.0,2,included
ECFP_564,3156,0.0,2,included
ECFP_565,3156,0.0,2,included
ECFP_566,3156,0.0,2,included
ECFP_567,3156,0.0,2,included
ECFP_568,3156,0.0,2,included
ECFP_569,3156,0.0,2,included
ECFP_570,3156,0.0,2,included
ECFP_571,3156,0.0,2,included
ECFP_572,3156,0.0,2,included
ECFP_573,3156,0.0,2,included
ECFP_574,3156,0.0,2,included
ECFP_575,3156,0.0,2,included
ECFP_576,3156,0.0,2,included
ECFP_577,3156,0.0,2,included
ECFP_578,3156,0.0,2,included
ECFP_579,3156,0.0,2,included
ECFP_580,3156,0.0,2,included
ECFP_581,3156,0.0,2,included
ECFP_582,3156,0.0,2,included
ECFP_583,3156,0.0,2,included
ECFP_584,3156,0.0,2,included
ECFP_585,3156,0.0,2,included
ECFP_586,3156,0.0,2,included
ECFP_587,3156,0.0,2,included
ECFP_588,3156,0.0,2,included
ECFP_589,3156,0.0,2,included
ECFP_590,3156,0.0,2,included
ECFP_591,3156,0.0,2,included
ECFP_592,3156,0.0,2,included
ECFP_593,3156,0.0,2,included
ECFP_594,3156,0.0,2,included
ECFP_595,3156,0.0,2,included
ECFP_596,3156,0.0,2,included
ECFP_597,3156,0.0,2,included
ECFP_598,3156,0.0,2,included
ECFP_599,3156,0.0,2,included
ECFP_600,3156,0.0,2,included
ECFP_601,3156,0.0,2,included
ECFP_602,3156,0.0,2,included
ECFP_603,3156,0.0,2,included
ECFP_604,3156,0.0,2,included
ECFP_605,3156,0.0,2,included
ECFP_606,3156,0.0,2,included
ECFP_607,3156,0.0,2,included
ECFP_608,3156,0.0,2,included
ECFP_609,3156,0.0,2,included
ECFP_610,3156,0.0,2,included
ECFP_611,3156,0.0,2,included
ECFP_612,3156,0.0,2,included
ECFP_613,3156,0.0,2,included
ECFP_614,3156,0.0,2,included
ECFP_615,3156,0.0,2,included
ECFP_616,3156,0.0,2,included
ECFP_617,3156,0.0,2,included
ECFP_618,3156,0.0,2,included
ECFP_619,3156,0.0,2,included
ECFP_620,3156,0.0,2,included
ECFP_621,3156,0.0,2,included
ECFP_622,3156,0.0,2,included
ECFP_623,3156,0.0,2,included
ECFP_624,3156,0.0,2,included
ECFP_625,3156,0.0,2,included
ECFP_626,3156,0.0,2,included
ECFP_627,3156,0.0,2,included
ECFP_628,3156,0.0,2,included
ECFP_629,3156,0.0,2,included
ECFP_630,3156,0.0,2,included
ECFP_631,3156,0.0,2,included
ECFP_632,3156,0.0,2,included
ECFP_633,3156,0.0,2,included
ECFP_634,3156,0.0,2,included
ECFP_635,3156,0.0,2,included
ECFP_636,3156,0.0,2,included
ECFP_637,3156,0.0,2,included
ECFP_638,3156,0.0,2,included
ECFP_639,3156,0.0,2,included
ECFP_640,3156,0.0,2,included
ECFP_641,3156,0.0,2,included
ECFP_642,3156,0.0,2,included
ECFP_643,3156,0.0,2,included
ECFP_644,3156,0.0,2,included
ECFP_645,3156,0.0,2,included
ECFP_646,3156,0.0,2,included
ECFP_647,3156,0.0,2,included
ECFP_648,3156,0.0,2,included
ECFP_649,3156,0.0,2,included
ECFP_650,3156,0.0,2,included
ECFP_651,3156,0.0,2,included
ECFP_652,3156,0.0,2,included
ECFP_653,3156,0.0,2,included
ECFP_654,3156,0.0,2,included
ECFP_655,3156,0.0,2,included
ECFP_656,3156,0.0,2,included
ECFP_657,3156,0.0,2,included
ECFP_658,3156,0.0,2,included
ECFP_659,3156,0.0,2,included
ECFP_660,3156,0.0,2,included
ECFP_661,3156,0.0,2,included
ECFP_662,3156,0.0,2,included
ECFP_663,3156,0.0,2,included
ECFP_664,3156,0.0,2,included
ECFP_665,3156,0.0,2,included
ECFP_666,3156,0.0,2,included
ECFP_667,3156,0.0,2,included
ECFP_668,3156,0.0,2,included
ECFP_669,3156,0.0,2,included
ECFP_670,3156,0.0,2,included
ECFP_671,3156,0.0,2,included
ECFP_672,3156,0.0,2,included
ECFP_673,3156,0.0,2,included
ECFP_674,3156,0.0,2,included
ECFP_675,3156,0.0,2,included
ECFP_676,3156,0.0,2,included
ECFP_677,3156,0.0,2,included
ECFP_678,3156,0.0,2,included
ECFP_679,3156,0.0,2,included
ECFP_680,3156,0.0,2,included
ECFP_681,3156,0.0,2,included
ECFP_682,3156,0.0,2,included
ECFP_683,3156,0.0,2,included
ECFP_684,3156,0.0,2,included
ECFP_685,3156,0.0,2,included
ECFP_686,3156,0.0,2,included
ECFP_687,3156,0.0,2,included
ECFP_688,3156,0.0,2,included
ECFP_689,3156,0.0,2,included
ECFP_690,3156,0.0,2,included
ECFP_691,3156,0.0,2,included
ECFP_692,3156,0.0,2,included
ECFP_693,3156,0.0,2,included
ECFP_694,3156,0.0,2,included
ECFP_695,3156,0.0,2,included
ECFP_696,3156,0.0,2,included
ECFP_697,3156,0.0,2,included
ECFP_698,3156,0.0,2,included
ECFP_699,3156,0.0,2,included
ECFP_700,3156,0.0,2,included
ECFP_701,3156,0.0,2,included
ECFP_702,3156,0.0,2,included
ECFP_703,3156,0.0,2,included
ECFP_704,3156,0.0,2,included
ECFP_705,3156,0.0,2,included
ECFP_706,3156,0.0,2,included
ECFP_707,3156,0.0,2,included
ECFP_708,3156,0.0,2,included
ECFP_709,3156,0.0,2,included
ECFP_710,3156,0.0,2,included
ECFP_711,3156,0.0,2,included
ECFP_712,3156,0.0,2,included
ECFP_713,3156,0.0,2,included
ECFP_714,3156,0.0,2,included
ECFP_715,3156,0.0,2,included
ECFP_716,3156,0.0,2,included
ECFP_717,3156,0.0,2,included
ECFP_718,3156,0.0,2,included
ECFP_719,3156,0.0,2,included
ECFP_720,3156,0.0,2,included
ECFP_721,3156,0.0,2,included
ECFP_722,3156,0.0,2,included
ECFP_723,3156,0.0,2,included
ECFP_724,3156,0.0,2,included
ECFP_725,3156,0.0,2,included
ECFP_726,3156,0.0,2,included
ECFP_727,3156,0.0,2,included
ECFP_728,3156,0.0,2,included
ECFP_729,3156,0.0,2,included
ECFP_730,3156,0.0,2,included
ECFP_731,3156,0.0,2,included
ECFP_732,3156,0.0,2,included
ECFP_733,3156,0.0,2,included
ECFP_734,3156,0.0,2,included
ECFP_735,3156,0.0,2,included
ECFP_736,3156,0.0,2,included
ECFP_737,3156,0.0,2,included
ECFP_738,3156,0.0,2,included
ECFP_739,3156,0.0,2,included
ECFP_740,3156,0.0,2,included
ECFP_741,3156,0.0,2,included
ECFP_742,3156,0.0,2,included
ECFP_743,3156,0.0,2,included
ECFP_744,3156,0.0,2,included
ECFP_745,3156,0.0,2,included
ECFP_746,3156,0.0,2,included
ECFP_747,3156,0.0,2,included
ECFP_748,3156,0.0,2,included
ECFP_749,3156,0.0,2,included
ECFP_750,3156,0.0,2,included
ECFP_751,3156,0.0,2,included
ECFP_752,3156,0.0,2,included
ECFP_753,3156,0.0,2,included
ECFP_754,3156,0.0,2,included
ECFP_755,3156,0.0,2,included
ECFP_756,3156,0.0,2,included
ECFP_757,3156,0.0,2,included
ECFP_758,3156,0.0,2,included
ECFP_759,3156,0.0,2,included
ECFP_760,3156,0.0,2,included
ECFP_761,3156,0.0,2,included
ECFP_762,3156,0.0,2,included
ECFP_763,3156,0.0,2,included
ECFP_764,3156,0.0,2,included
ECFP_765,3156,0.0,2,included
ECFP_766,3156,0.0,2,included
ECFP_767,3156,0.0,2,included
ECFP_768,3156,0.0,2,included
ECFP_769,3156,0.0,2,included
ECFP_770,3156,0.0,2,included
ECFP_771,3156,0.0,2,included
ECFP_772,3156,0.0,2,included
ECFP_773,3156,0.0,2,included
ECFP_774,3156,0.0,2,included
ECFP_775,3156,0.0,2,included
ECFP_776,3156,0.0,2,included
ECFP_777,3156,0.0,2,included
ECFP_778,3156,0.0,2,included
ECFP_779,3156,0.0,2,included
ECFP_780,3156,0.0,2,included
ECFP_781,3156,0.0,2,included
ECFP_782,3156,0.0,2,included
ECFP_783,3156,0.0,2,included
ECFP_784,3156,0.0,2,included
ECFP_785,3156,0.0,2,included
ECFP_786,3156,0.0,2,included
ECFP_787,3156,0.0,2,included
ECFP_788,3156,0.0,2,included
ECFP_789,3156,0.0,2,included
ECFP_790,3156,0.0,2,included
ECFP_791,3156,0.0,2,included
ECFP_792,3156,0.0,2,included
ECFP_793,3156,0.0,2,included
ECFP_794,3156,0.0,2,included
ECFP_795,3156,0.0,2,included
ECFP_796,3156,0.0,2,included
ECFP_797,3156,0.0,2,included
ECFP_798,3156,0.0,2,included
ECFP_799,3156,0.0,2,included
ECFP_800,3156,0.0,2,included
ECFP_801,3156,0.0,2,included
ECFP_802,3156,0.0,2,included
ECFP_803,3156,0.0,2,included
ECFP_804,3156,0.0,2,included
ECFP_805,3156,0.0,2,included
ECFP_806,3156,0.0,2,included
ECFP_807,3156,0.0,2,included
ECFP_808,3156,0.0,2,included
ECFP_809,3156,0.0,2,included
ECFP_810,3156,0.0,2,included
ECFP_811,3156,0.0,2,included
ECFP_812,3156,0.0,2,included
ECFP_813,3156,0.0,2,included
ECFP_814,3156,0.0,2,included
ECFP_815,3156,0.0,2,included
ECFP_816,3156,0.0,2,included
ECFP_817,3156,0.0,2,included
ECFP_818,3156,0.0,2,included
ECFP_819,3156,0.0,2,included
ECFP_820,3156,0.0,2,included
ECFP_821,3156,0.0,2,included
ECFP_822,3156,0.0,2,included
ECFP_823,3156,0.0,2,included
ECFP_824,3156,0.0,2,included
ECFP_825,3156,0.0,2,included
ECFP_826,3156,0.0,2,included
ECFP_827,3156,0.0,2,included
ECFP_828,3156,0.0,2,included
ECFP_829,3156,0.0,2,included
ECFP_830,3156,0.0,2,included
ECFP_831,3156,0.0,2,included
ECFP_832,3156,0.0,2,included
ECFP_833,3156,0.0,2,included
ECFP_834,3156,0.0,2,included
ECFP_835,3156,0.0,2,included
ECFP_836,3156,0.0,2,included
ECFP_837,3156,0.0,2,included
ECFP_838,3156,0.0,2,included
ECFP_839,3156,0.0,2,included
ECFP_840,3156,0.0,2,included
ECFP_841,3156,0.0,2,included
ECFP_842,3156,0.0,2,included
ECFP_843,3156,0.0,2,included
ECFP_844,3156,0.0,2,included
ECFP_845,3156,0.0,2,included
ECFP_846,3156,0.0,2,included
ECFP_847,3156,0.0,2,included
ECFP_848,3156,0.0,2,included
ECFP_849,3156,0.0,2,included
ECFP_850,3156,0.0,2,included
ECFP_851,3156,0.0,2,included
ECFP_852,3156,0.0,2,included
ECFP_853,3156,0.0,2,included
ECFP_854,3156,0.0,2,included
ECFP_855,3156,0.0,2,included
ECFP_856,3156,0.0,2,included
ECFP_857,3156,0.0,2,included
ECFP_858,3156,0.0,2,included
ECFP_859,3156,0.0,2,included
ECFP_860,3156,0.0,2,included
ECFP_861,3156,0.0,2,included
ECFP_862,3156,0.0,2,included
ECFP_863,3156,0.0,2,included
ECFP_864,3156,0.0,2,included
ECFP_865,3156,0.0,2,included
ECFP_866,3156,0.0,2,included
ECFP_867,3156,0.0,2,included
ECFP_868,3156,0.0,2,included
ECFP_869,3156,0.0,2,included
ECFP_870,3156,0.0,2,included
ECFP_871,3156,0.0,2,included
ECFP_872,3156,0.0,2,included
ECFP_873,3156,0.0,2,included
ECFP_874,3156,0.0,2,included
ECFP_875,3156,0.0,2,included
ECFP_876,3156,0.0,2,included
ECFP_877,3156,0.0,2,included
ECFP_878,3156,0.0,2,included
ECFP_879,3156,0.0,2,included
ECFP_880,3156,0.0,2,included
ECFP_881,3156,0.0,2,included
ECFP_882,3156,0.0,2,included
ECFP_883,3156,0.0,2,included
ECFP_884,3156,0.0,2,included
ECFP_885,3156,0.0,2,included
ECFP_886,3156,0.0,2,included
ECFP_887,3156,0.0,2,included
ECFP_888,3156,0.0,2,included
ECFP_889,3156,0.0,2,included
ECFP_890,3156,0.0,2,included
ECFP_891,3156,0.0,2,included
ECFP_892,3156,0.0,2,included
ECFP_893,3156,0.0,2,included
ECFP_894,3156,0.0,2,included
ECFP_895,3156,0.0,2,included
ECFP_896,3156,0.0,2,included
ECFP_897,3156,0.0,2,included
ECFP_898,3156,0.0,2,included
ECFP_899,3156,0.0,2,included
ECFP_900,3156,0.0,2,included
ECFP_901,3156,0.0,2,included
ECFP_902,3156,0.0,2,included
ECFP_903,3156,0.0,2,included
ECFP_904,3156,0.0,2,included
ECFP_905,3156,0.0,2,included
ECFP_906,3156,0.0,2,included
ECFP_907,3156,0.0,2,included
ECFP_908,3156,0.0,2,included
ECFP_909,3156,0.0,2,included
ECFP_910,3156,0.0,2,included
ECFP_911,3156,0.0,2,included
ECFP_912,3156,0.0,2,included
ECFP_913,3156,0.0,2,included
ECFP_914,3156,0.0,2,included
ECFP_915,3156,0.0,2,included
ECFP_916,3156,0.0,2,included
ECFP_917,3156,0.0,2,included
ECFP_918,3156,0.0,2,included
ECFP_919,3156,0.0,2,included
ECFP_920,3156,0.0,2,included
ECFP_921,3156,0.0,2,included
ECFP_922,3156,0.0,2,included
ECFP_923,3156,0.0,2,included
ECFP_924,3156,0.0,2,included
ECFP_925,3156,0.0,2,included
ECFP_926,3156,0.0,2,included
ECFP_927,3156,0.0,2,included
ECFP_928,3156,0.0,2,included
ECFP_929,3156,0.0,2,included
ECFP_930,3156,0.0,2,included
ECFP_931,3156,0.0,2,included
ECFP_932,3156,0.0,2,included
ECFP_933,3156,0.0,2,included
ECFP_934,3156,0.0,2,included
ECFP_935,3156,0.0,2,included
ECFP_936,3156,0.0,2,included
ECFP_937,3156,0.0,2,included
ECFP_938,3156,0.0,2,included
ECFP_939,3156,0.0,2,included
ECFP_940,3156,0.0,2,included
ECFP_941,3156,0.0,2,included
ECFP_942,3156,0.0,2,included
ECFP_943,3156,0.0,2,included
ECFP_944,3156,0.0,2,included
ECFP_945,3156,0.0,2,included
ECFP_946,3156,0.0,2,included
ECFP_947,3156,0.0,2,included
ECFP_948,3156,0.0,2,included
ECFP_949,3156,0.0,2,included
ECFP_950,3156,0.0,2,included
ECFP_951,3156,0.0,2,included
ECFP_952,3156,0.0,2,included
ECFP_953,3156,0.0,2,included
ECFP_954,3156,0.0,2,included
ECFP_955,3156,0.0,2,included
ECFP_956,3156,0.0,2,included
ECFP_957,3156,0.0,2,included
ECFP_958,3156,0.0,2,included
ECFP_959,3156,0.0,2,included
ECFP_960,3156,0.0,2,included
ECFP_961,3156,0.0,2,included
ECFP_962,3156,0.0,2,included
ECFP_963,3156,0.0,2,included
ECFP_964,3156,0.0,2,included
ECFP_965,3156,0.0,2,included
ECFP_966,3156,0.0,2,included
ECFP_967,3156,0.0,2,included
ECFP_968,3156,0.0,2,included
ECFP_969,3156,0.0,2,included
ECFP_970,3156,0.0,2,included
ECFP_971,3156,0.0,2,included
ECFP_972,3156,0.0,2,included
ECFP_973,3156,0.0,2,included
ECFP_974,3156,0.0,2,included
ECFP_975,3156,0.0,2,included
ECFP_976,3156,0.0,2,included
ECFP_977,3156,0.0,2,included
ECFP_978,3156,0.0,2,included
ECFP_979,3156,0.0,2,included
ECFP_980,3156,0.0,2,included
ECFP_981,3156,0.0,2,included
ECFP_982,3156,0.0,2,included
ECFP_983,3156,0.0,2,included
ECFP_984,3156,0.0,2,included
ECFP_985,3156,0.0,2,included
ECFP_986,3156,0.0,2,included
ECFP_987,3156,0.0,2,included
ECFP_988,3156,0.0,2,included
ECFP_989,3156,0.0,2,included
ECFP_990,3156,0.0,2,included
ECFP_991,3156,0.0,2,included
ECFP_992,3156,0.0,2,included
ECFP_993,3156,0.0,2,included
ECFP_994,3156,0.0,2,included
ECFP_995,3156,0.0,2,included
ECFP_996,3156,0.0,2,included
ECFP_997,3156,0.0,2,included
ECFP_998,3156,0.0,2,included
ECFP_999,3156,0.0,2,included
ECFP_1000,3156,0.0,2,included
ECFP_1001,3156,0.0,2,included
ECFP_1002,3156,0.0,2,included
ECFP_1003,3156,0.0,2,included
ECFP_1004,3156,0.0,2,included
ECFP_1005,3156,0.0,2,included
ECFP_1006,3156,0.0,2,included
ECFP_1007,3156,0.0,2,included
ECFP_1008,3156,0.0,2,included
ECFP_1009,3156,0.0,2,included
ECFP_1010,3156,0.0,2,included
ECFP_1011,3156,0.0,2,included
ECFP_1012,3156,0.0,2,included
ECFP_1013,3156,0.0,2,included
ECFP_1014,3156,0.0,2,included
ECFP_1015,3156,0.0,2,included
ECFP_1016,3156,0.0,2,included
ECFP_1017,3156,0.0,2,included
ECFP_1018,3156,0.0,2,included
ECFP_1019,3156,0.0,2,included
ECFP_1020,3156,0.0,2,included
ECFP_1021,3156,0.0,2,included
ECFP_1022,3156,0.0,2,included
ECFP_1023,3156,0.0,2,included
ECFP_1024,3156,0.0,2,included
ECFP_1025,3156,0.0,2,included
ECFP_1026,3156,0.0,2,included
ECFP_1027,3156,0.0,2,included
ECFP_1028,3156,0.0,2,included
ECFP_1029,3156,0.0,2,included
ECFP_1030,3156,0.0,2,included
ECFP_1031,3156,0.0,2,included
ECFP_1032,3156,0.0,2,included
ECFP_1033,3156,0.0,2,included
ECFP_1034,3156,0.0,2,included
ECFP_1035,3156,0.0,2,included
ECFP_1036,3156,0.0,2,included
ECFP_1037,3156,0.0,2,included
ECFP_1038,3156,0.0,2,included
ECFP_1039,3156,0.0,2,included
ECFP_1040,3156,0.0,2,included
ECFP_1041,3156,0.0,2,included
ECFP_1042,3156,0.0,2,included
ECFP_1043,3156,0.0,2,included
ECFP_1044,3156,0.0,2,included
ECFP_1045,3156,0.0,2,included
ECFP_1046,3156,0.0,2,included
ECFP_1047,3156,0.0,2,included
ECFP_1048,3156,0.0,2,included
ECFP_1049,3156,0.0,2,included
ECFP_1050,3156,0.0,2,included
ECFP_1051,3156,0.0,2,included
ECFP_1052,3156,0.0,2,included
ECFP_1053,3156,0.0,2,included
ECFP_1054,3156,0.0,2,included
ECFP_1055,3156,0.0,2,included
ECFP_1056,3156,0.0,2,included
ECFP_1057,3156,0.0,2,included
ECFP_1058,3156,0.0,2,included
ECFP_1059,3156,0.0,2,included
ECFP_1060,3156,0.0,2,included
ECFP_1061,3156,0.0,2,included
ECFP_1062,3156,0.0,2,included
ECFP_1063,3156,0.0,2,included
ECFP_1064,3156,0.0,2,included
ECFP_1065,3156,0.0,2,included
ECFP_1066,3156,0.0,2,included
ECFP_1067,3156,0.0,2,included
ECFP_1068,3156,0.0,2,included
ECFP_1069,3156,0.0,2,included
ECFP_1070,3156,0.0,2,included
ECFP_1071,3156,0.0,2,included
ECFP_1072,3156,0.0,2,included
ECFP_1073,3156,0.0,2,included
ECFP_1074,3156,0.0,2,included
ECFP_1075,3156,0.0,2,included
ECFP_1076,3156,0.0,2,included
ECFP_1077,3156,0.0,2,included
ECFP_1078,3156,0.0,2,included
ECFP_1079,3156,0.0,2,included
ECFP_1080,3156,0.0,2,included
ECFP_1081,3156,0.0,2,included
ECFP_1082,3156,0.0,2,included
ECFP_1083,3156,0.0,2,included
ECFP_1084,3156,0.0,2,included
ECFP_1085,3156,0.0,2,included
ECFP_1086,3156,0.0,2,included
ECFP_1087,3156,0.0,2,included
ECFP_1088,3156,0.0,2,included
ECFP_1089,3156,0.0,2,included
ECFP_1090,3156,0.0,2,included
ECFP_1091,3156,0.0,2,included
ECFP_1092,3156,0.0,2,included
ECFP_1093,3156,0.0,2,included
ECFP_1094,3156,0.0,2,included
ECFP_1095,3156,0.0,2,included
ECFP_1096,3156,0.0,2,included
ECFP_1097,3156,0.0,2,included
ECFP_1098,3156,0.0,2,included
ECFP_1099,3156,0.0,2,included
ECFP_1100,3156,0.0,2,included
ECFP_1101,3156,0.0,2,included
ECFP_1102,3156,0.0,2,included
ECFP_1103,3156,0.0,2,included
ECFP_1104,3156,0.0,2,included
ECFP_1105,3156,0.0,2,included
ECFP_1106,3156,0.0,2,included
ECFP_1107,3156,0.0,2,included
ECFP_1108,3156,0.0,2,included
ECFP_1109,3156,0.0,2,included
ECFP_1110,3156,0.0,2,included
ECFP_1111,3156,0.0,2,included
ECFP_1112,3156,0.0,2,included
ECFP_1113,3156,0.0,2,included
ECFP_1114,3156,0.0,2,included
ECFP_1115,3156,0.0,2,included
ECFP_1116,3156,0.0,2,included
ECFP_1117,3156,0.0,2,included
ECFP_1118,3156,0.0,2,included
ECFP_1119,3156,0.0,2,included
ECFP_1120,3156,0.0,2,included
ECFP_1121,3156,0.0,2,included
ECFP_1122,3156,0.0,2,included
ECFP_1123,3156,0.0,2,included
ECFP_1124,3156,0.0,2,included
ECFP_1125,3156,0.0,2,included
ECFP_1126,3156,0.0,2,included
ECFP_1127,3156,0.0,2,included
ECFP_1128,3156,0.0,2,included
ECFP_1129,3156,0.0,2,included
ECFP_1130,3156,0.0,2,included
ECFP_1131,3156,0.0,2,included
ECFP_1132,3156,0.0,2,included
ECFP_1133,3156,0.0,2,included
ECFP_1134,3156,0.0,2,included
ECFP_1135,3156,0.0,2,included
ECFP_1136,3156,0.0,2,included
ECFP_1137,3156,0.0,2,included
ECFP_1138,3156,0.0,2,included
ECFP_1139,3156,0.0,2,included
ECFP_1140,3156,0.0,2,included
ECFP_1141,3156,0.0,2,included
ECFP_1142,3156,0.0,2,included
ECFP_1143,3156,0.0,2,included
ECFP_1144,3156,0.0,2,included
ECFP_1145,3156,0.0,2,included
ECFP_1146,3156,0.0,2,included
ECFP_1147,3156,0.0,2,included
ECFP_1148,3156,0.0,2,included
ECFP_1149,3156,0.0,2,included
ECFP_1150,3156,0.0,2,included
ECFP_1151,3156,0.0,2,included
ECFP_1152,3156,0.0,2,included
ECFP_1153,3156,0.0,2,included
ECFP_1154,3156,0.0,2,included
ECFP_1155,3156,0.0,2,included
ECFP_1156,3156,0.0,2,included
ECFP_1157,3156,0.0,2,included
ECFP_1158,3156,0.0,2,included
ECFP_1159,3156,0.0,2,included
ECFP_1160,3156,0.0,2,included
ECFP_1161,3156,0.0,2,included
ECFP_1162,3156,0.0,2,included
ECFP_1163,3156,0.0,2,included
ECFP_1164,3156,0.0,2,included
ECFP_1165,3156,0.0,2,included
ECFP_1166,3156,0.0,2,included
ECFP_1167,3156,0.0,2,included
ECFP_1168,3156,0.0,2,included
ECFP_1169,3156,0.0,2,included
ECFP_1170,3156,0.0,2,included
ECFP_1171,3156,0.0,2,included
ECFP_1172,3156,0.0,2,included
ECFP_1173,3156,0.0,2,included
ECFP_1174,3156,0.0,2,included
ECFP_1175,3156,0.0,2,included
ECFP_1176,3156,0.0,2,included
ECFP_1177,3156,0.0,2,included
ECFP_1178,3156,0.0,2,included
ECFP_1179,3156,0.0,2,included
ECFP_1180,3156,0.0,2,included
ECFP_1181,3156,0.0,2,included
ECFP_1182,3156,0.0,2,included
ECFP_1183,3156,0.0,2,included
ECFP_1184,3156,0.0,2,included
ECFP_1185,3156,0.0,2,included
ECFP_1186,3156,0.0,2,included
ECFP_1187,3156,0.0,2,included
ECFP_1188,3156,0.0,2,included
ECFP_1189,3156,0.0,2,included
ECFP_1190,3156,0.0,2,included
ECFP_1191,3156,0.0,2,included
ECFP_1192,3156,0.0,2,included
ECFP_1193,3156,0.0,2,included
ECFP_1194,3156,0.0,2,included
ECFP_1195,3156,0.0,2,included
ECFP_1196,3156,0.0,2,included
ECFP_1197,3156,0.0,2,included
ECFP_1198,3156,0.0,2,included
ECFP_1199,3156,0.0,2,included
ECFP_1200,3156,0.0,2,included
ECFP_1201,3156,0.0,2,included
ECFP_1202,3156,0.0,2,included
ECFP_1203,3156,0.0,2,included
ECFP_1204,3156,0.0,2,included
ECFP_1205,3156,0.0,2,included
ECFP_1206,3156,0.0,2,included
ECFP_1207,3156,0.0,2,included
ECFP_1208,3156,0.0,2,included
ECFP_1209,3156,0.0,2,included
ECFP_1210,3156,0.0,2,included
ECFP_1211,3156,0.0,2,included
ECFP_1212,3156,0.0,2,included
ECFP_1213,3156,0.0,2,included
ECFP_1214,3156,0.0,2,included
ECFP_1215,3156,0.0,2,included
ECFP_1216,3156,0.0,2,included
ECFP_1217,3156,0.0,2,included
ECFP_1218,3156,0.0,2,included
ECFP_1219,3156,0.0,2,included
ECFP_1220,3156,0.0,2,included
ECFP_1221,3156,0.0,2,included
ECFP_1222,3156,0.0,2,included
ECFP_1223,3156,0.0,2,included
ECFP_1224,3156,0.0,2,included
ECFP_1225,3156,0.0,2,included
ECFP_1226,3156,0.0,2,included
ECFP_1227,3156,0.0,2,included
ECFP_1228,3156,0.0,2,included
ECFP_1229,3156,0.0,2,included
ECFP_1230,3156,0.0,2,included
ECFP_1231,3156,0.0,2,included
ECFP_1232,3156,0.0,2,included
ECFP_1233,3156,0.0,2,included
ECFP_1234,3156,0.0,2,included
ECFP_1235,3156,0.0,2,included
ECFP_1236,3156,0.0,2,included
ECFP_1237,3156,0.0,2,included
ECFP_1238,3156,0.0,2,included
ECFP_1239,3156,0.0,2,included
ECFP_1240,3156,0.0,2,included
ECFP_1241,3156,0.0,2,included
ECFP_1242,3156,0.0,2,included
ECFP_1243,3156,0.0,2,included
ECFP_1244,3156,0.0,2,included
ECFP_1245,3156,0.0,2,included
ECFP_1246,3156,0.0,2,included
ECFP_1247,3156,0.0,2,included
ECFP_1248,3156,0.0,2,included
ECFP_1249,3156,0.0,2,included
ECFP_1250,3156,0.0,2,included
ECFP_1251,3156,0.0,2,included
ECFP_1252,3156,0.0,2,included
ECFP_1253,3156,0.0,2,included
ECFP_1254,3156,0.0,2,included
ECFP_1255,3156,0.0,2,included
ECFP_1256,3156,0.0,2,included
ECFP_1257,3156,0.0,2,included
ECFP_1258,3156,0.0,2,included
ECFP_1259,3156,0.0,2,included
ECFP_1260,3156,0.0,2,included
ECFP_1261,3156,0.0,2,included
ECFP_1262,3156,0.0,2,included
ECFP_1263,3156,0.0,2,included
ECFP_1264,3156,0.0,2,included
ECFP_1265,3156,0.0,2,included
ECFP_1266,3156,0.0,2,included
ECFP_1267,3156,0.0,2,included
ECFP_1268,3156,0.0,2,included
ECFP_1269,3156,0.0,2,included
ECFP_1270,3156,0.0,2,included
ECFP_1271,3156,0.0,2,included
ECFP_1272,3156,0.0,2,included
ECFP_1273,3156,0.0,2,included
ECFP_1274,3156,0.0,2,included
ECFP_1275,3156,0.0,2,included
ECFP_1276,3156,0.0,2,included
ECFP_1277,3156,0.0,2,included
ECFP_1278,3156,0.0,2,included
ECFP_1279,3156,0.0,2,included
ECFP_1280,3156,0.0,2,included
ECFP_1281,3156,0.0,2,included
ECFP_1282,3156,0.0,2,included
ECFP_1283,3156,0.0,2,included
ECFP_1284,3156,0.0,2,included
ECFP_1285,3156,0.0,2,included
ECFP_1286,3156,0.0,2,included
ECFP_1287,3156,0.0,2,included
ECFP_1288,3156,0.0,2,included
ECFP_1289,3156,0.0,2,included
ECFP_1290,3156,0.0,2,included
ECFP_1291,3156,0.0,2,included
ECFP_1292,3156,0.0,2,included
ECFP_1293,3156,0.0,2,included
ECFP_1294,3156,0.0,2,included
ECFP_1295,3156,0.0,2,included
ECFP_1296,3156,0.0,2,included
ECFP_1297,3156,0.0,2,included
ECFP_1298,3156,0.0,2,included
ECFP_1299,3156,0.0,2,included
ECFP_1300,3156,0.0,2,included
ECFP_1301,3156,0.0,2,included
ECFP_1302,3156,0.0,2,included
ECFP_1303,3156,0.0,2,included
ECFP_1304,3156,0.0,2,included
ECFP_1305,3156,0.0,2,included
ECFP_1306,3156,0.0,2,included
ECFP_1307,3156,0.0,2,included
ECFP_1308,3156,0.0,2,included
ECFP_1309,3156,0.0,2,included
ECFP_1310,3156,0.0,2,included
ECFP_1311,3156,0.0,2,included
ECFP_1312,3156,0.0,2,included
ECFP_1313,3156,0.0,2,included
ECFP_1314,3156,0.0,2,included
ECFP_1315,3156,0.0,2,included
ECFP_1316,3156,0.0,2,included
ECFP_1317,3156,0.0,2,included
ECFP_1318,3156,0.0,2,included
ECFP_1319,3156,0.0,2,included
ECFP_1320,3156,0.0,2,included
ECFP_1321,3156,0.0,2,included
ECFP_1322,3156,0.0,2,included
ECFP_1323,3156,0.0,2,included
ECFP_1324,3156,0.0,2,included
ECFP_1325,3156,0.0,2,included
ECFP_1326,3156,0.0,2,included
ECFP_1327,3156,0.0,2,included
ECFP_1328,3156,0.0,2,included
ECFP_1329,3156,0.0,2,included
ECFP_1330,3156,0.0,2,included
ECFP_1331,3156,0.0,2,included
ECFP_1332,3156,0.0,2,included
ECFP_1333,3156,0.0,2,included
ECFP_1334,3156,0.0,2,included
ECFP_1335,3156,0.0,2,included
ECFP_1336,3156,0.0,2,included
ECFP_1337,3156,0.0,2,included
ECFP_1338,3156,0.0,2,included
ECFP_1339,3156,0.0,2,included
ECFP_1340,3156,0.0,2,included
ECFP_1341,3156,0.0,2,included
ECFP_1342,3156,0.0,2,included
ECFP_1343,3156,0.0,2,included
ECFP_1344,3156,0.0,2,included
ECFP_1345,3156,0.0,2,included
ECFP_1346,3156,0.0,2,included
ECFP_1347,3156,0.0,2,included
ECFP_1348,3156,0.0,2,included
ECFP_1349,3156,0.0,2,included
ECFP_1350,3156,0.0,2,included
ECFP_1351,3156,0.0,2,included
ECFP_1352,3156,0.0,2,included
ECFP_1353,3156,0.0,2,included
ECFP_1354,3156,0.0,2,included
ECFP_1355,3156,0.0,2,included
ECFP_1356,3156,0.0,2,included
ECFP_1357,3156,0.0,2,included
ECFP_1358,3156,0.0,2,included
ECFP_1359,3156,0.0,2,included
ECFP_1360,3156,0.0,2,included
ECFP_1361,3156,0.0,2,included
ECFP_1362,3156,0.0,2,included
ECFP_1363,3156,0.0,2,included
ECFP_1364,3156,0.0,2,included
ECFP_1365,3156,0.0,2,included
ECFP_1366,3156,0.0,2,included
ECFP_1367,3156,0.0,2,included
ECFP_1368,3156,0.0,2,included
ECFP_1369,3156,0.0,2,included
ECFP_1370,3156,0.0,2,included
ECFP_1371,3156,0.0,2,included
ECFP_1372,3156,0.0,2,included
ECFP_1373,3156,0.0,2,included
ECFP_1374,3156,0.0,2,included
ECFP_1375,3156,0.0,2,included
ECFP_1376,3156,0.0,2,included
ECFP_1377,3156,0.0,2,included
ECFP_1378,3156,0.0,2,included
ECFP_1379,3156,0.0,2,included
ECFP_1380,3156,0.0,2,included
ECFP_1381,3156,0.0,2,included
ECFP_1382,3156,0.0,2,included
ECFP_1383,3156,0.0,2,included
ECFP_1384,3156,0.0,2,included
ECFP_1385,3156,0.0,2,included
ECFP_1386,3156,0.0,2,included
ECFP_1387,3156,0.0,2,included
ECFP_1388,3156,0.0,2,included
ECFP_1389,3156,0.0,2,included
ECFP_1390,3156,0.0,2,included
ECFP_1391,3156,0.0,2,included
ECFP_1392,3156,0.0,2,included
ECFP_1393,3156,0.0,2,included
ECFP_1394,3156,0.0,2,included
ECFP_1395,3156,0.0,2,included
ECFP_1396,3156,0.0,2,included
ECFP_1397,3156,0.0,2,included
ECFP_1398,3156,0.0,2,included
ECFP_1399,3156,0.0,2,included
ECFP_1400,3156,0.0,2,included
ECFP_1401,3156,0.0,2,included
ECFP_1402,3156,0.0,2,included
ECFP_1403,3156,0.0,2,included
ECFP_1404,3156,0.0,2,included
ECFP_1405,3156,0.0,2,included
ECFP_1406,3156,0.0,2,included
ECFP_1407,3156,0.0,2,included
ECFP_1408,3156,0.0,2,included
ECFP_1409,3156,0.0,2,included
ECFP_1410,3156,0.0,2,included
ECFP_1411,3156,0.0,2,included
ECFP_1412,3156,0.0,2,included
ECFP_1413,3156,0.0,2,included
ECFP_1414,3156,0.0,2,included
ECFP_1415,3156,0.0,2,included
ECFP_1416,3156,0.0,2,included
ECFP_1417,3156,0.0,2,included
ECFP_1418,3156,0.0,2,included
ECFP_1419,3156,0.0,2,included
ECFP_1420,3156,0.0,2,included
ECFP_1421,3156,0.0,2,included
ECFP_1422,3156,0.0,2,included
ECFP_1423,3156,0.0,2,included
ECFP_1424,3156,0.0,2,included
ECFP_1425,3156,0.0,2,included
ECFP_1426,3156,0.0,2,included
ECFP_1427,3156,0.0,2,included
ECFP_1428,3156,0.0,2,included
ECFP_1429,3156,0.0,2,included
ECFP_1430,3156,0.0,2,included
ECFP_1431,3156,0.0,2,included
ECFP_1432,3156,0.0,2,included
ECFP_1433,3156,0.0,2,included
ECFP_1434,3156,0.0,2,included
ECFP_1435,3156,0.0,2,included
ECFP_1436,3156,0.0,2,included
ECFP_1437,3156,0.0,2,included
ECFP_1438,3156,0.0,2,included
ECFP_1439,3156,0.0,2,included
ECFP_1440,3156,0.0,2,included
ECFP_1441,3156,0.0,2,included
ECFP_1442,3156,0.0,2,included
ECFP_1443,3156,0.0,2,included
ECFP_1444,3156,0.0,2,included
ECFP_1445,3156,0.0,2,included
ECFP_1446,3156,0.0,2,included
ECFP_1447,3156,0.0,2,included
ECFP_1448,3156,0.0,2,included
ECFP_1449,3156,0.0,2,included
ECFP_1450,3156,0.0,2,included
ECFP_1451,3156,0.0,2,included
ECFP_1452,3156,0.0,2,included
ECFP_1453,3156,0.0,2,included
ECFP_1454,3156,0.0,2,included
ECFP_1455,3156,0.0,2,included
ECFP_1456,3156,0.0,2,included
ECFP_1457,3156,0.0,2,included
ECFP_1458,3156,0.0,2,included
ECFP_1459,3156,0.0,2,included
ECFP_1460,3156,0.0,2,included
ECFP_1461,3156,0.0,2,included
ECFP_1462,3156,0.0,2,included
ECFP_1463,3156,0.0,2,included
ECFP_1464,3156,0.0,2,included
ECFP_1465,3156,0.0,2,included
ECFP_1466,3156,0.0,2,included
ECFP_1467,3156,0.0,2,included
ECFP_1468,3156,0.0,2,included
ECFP_1469,3156,0.0,2,included
ECFP_1470,3156,0.0,2,included
ECFP_1471,3156,0.0,2,included
ECFP_1472,3156,0.0,2,included
ECFP_1473,3156,0.0,2,included
ECFP_1474,3156,0.0,2,included
ECFP_1475,3156,0.0,2,included
ECFP_1476,3156,0.0,2,included
ECFP_1477,3156,0.0,2,included
ECFP_1478,3156,0.0,2,included
ECFP_1479,3156,0.0,2,included
ECFP_1480,3156,0.0,2,included
ECFP_1481,3156,0.0,2,included
ECFP_1482,3156,0.0,2,included
ECFP_1483,3156,0.0,2,included
ECFP_1484,3156,0.0,2,included
ECFP_1485,3156,0.0,2,included
ECFP_1486,3156,0.0,2,included
ECFP_1487,3156,0.0,2,included
ECFP_1488,3156,0.0,2,included
ECFP_1489,3156,0.0,2,included
ECFP_1490,3156,0.0,2,included
ECFP_1491,3156,0.0,2,included
ECFP_1492,3156,0.0,2,included
ECFP_1493,3156,0.0,2,included
ECFP_1494,3156,0.0,2,included
ECFP_1495,3156,0.0,2,included
ECFP_1496,3156,0.0,2,included
ECFP_1497,3156,0.0,2,included
ECFP_1498,3156,0.0,2,included
ECFP_1499,3156,0.0,2,included
ECFP_1500,3156,0.0,2,included
ECFP_1501,3156,0.0,2,included
ECFP_1502,3156,0.0,2,included
ECFP_1503,3156,0.0,2,included
ECFP_1504,3156,0.0,2,included
ECFP_1505,3156,0.0,2,included
ECFP_1506,3156,0.0,2,included
ECFP_1507,3156,0.0,2,included
ECFP_1508,3156,0.0,2,included
ECFP_1509,3156,0.0,2,included
ECFP_1510,3156,0.0,2,included
ECFP_1511,3156,0.0,2,included
ECFP_1512,3156,0.0,2,included
ECFP_1513,3156,0.0,2,included
ECFP_1514,3156,0.0,2,included
ECFP_1515,3156,0.0,2,included
ECFP_1516,3156,0.0,2,included
ECFP_1517,3156,0.0,2,included
ECFP_1518,3156,0.0,2,included
ECFP_1519,3156,0.0,2,included
ECFP_1520,3156,0.0,2,included
ECFP_1521,3156,0.0,2,included
ECFP_1522,3156,0.0,2,included
ECFP_1523,3156,0.0,2,included
ECFP_1524,3156,0.0,2,included
ECFP_1525,3156,0.0,2,included
ECFP_1526,3156,0.0,2,included
ECFP_1527,3156,0.0,2,included
ECFP_1528,3156,0.0,2,included
ECFP_1529,3156,0.0,2,included
ECFP_1530,3156,0.0,2,included
ECFP_1531,3156,0.0,2,included
ECFP_1532,3156,0.0,2,included
ECFP_1533,3156,0.0,2,included
ECFP_1534,3156,0.0,2,included
ECFP_1535,3156,0.0,2,included
ECFP_1536,3156,0.0,2,included
ECFP_1537,3156,0.0,2,included
ECFP_1538,3156,0.0,2,included
ECFP_1539,3156,0.0,2,included
ECFP_1540,3156,0.0,2,included
ECFP_1541,3156,0.0,2,included
ECFP_1542,3156,0.0,2,included
ECFP_1543,3156,0.0,2,included
ECFP_1544,3156,0.0,2,included
ECFP_1545,3156,0.0,2,included
ECFP_1546,3156,0.0,2,included
ECFP_1547,3156,0.0,2,included
ECFP_1548,3156,0.0,2,included
ECFP_1549,3156,0.0,2,included
ECFP_1550,3156,0.0,2,included
ECFP_1551,3156,0.0,2,included
ECFP_1552,3156,0.0,2,included
ECFP_1553,3156,0.0,2,included
ECFP_1554,3156,0.0,2,included
ECFP_1555,3156,0.0,2,included
ECFP_1556,3156,0.0,2,included
ECFP_1557,3156,0.0,2,included
ECFP_1558,3156,0.0,2,included
ECFP_1559,3156,0.0,2,included
ECFP_1560,3156,0.0,2,included
ECFP_1561,3156,0.0,2,included
ECFP_1562,3156,0.0,2,included
ECFP_1563,3156,0.0,2,included
ECFP_1564,3156,0.0,2,included
ECFP_1565,3156,0.0,2,included
ECFP_1566,3156,0.0,2,included
ECFP_1567,3156,0.0,2,included
ECFP_1568,3156,0.0,2,included
ECFP_1569,3156,0.0,2,included
ECFP_1570,3156,0.0,2,included
ECFP_1571,3156,0.0,2,included
ECFP_1572,3156,0.0,2,included
ECFP_1573,3156,0.0,2,included
ECFP_1574,3156,0.0,2,included
ECFP_1575,3156,0.0,2,included
ECFP_1576,3156,0.0,2,included
ECFP_1577,3156,0.0,2,included
ECFP_1578,3156,0.0,2,included
ECFP_1579,3156,0.0,2,included
ECFP_1580,3156,0.0,2,included
ECFP_1581,3156,0.0,2,included
ECFP_1582,3156,0.0,2,included
ECFP_1583,3156,0.0,2,included
ECFP_1584,3156,0.0,2,included
ECFP_1585,3156,0.0,2,included
ECFP_1586,3156,0.0,2,included
ECFP_1587,3156,0.0,2,included
ECFP_1588,3156,0.0,2,included
ECFP_1589,3156,0.0,2,included
ECFP_1590,3156,0.0,2,included
ECFP_1591,3156,0.0,2,included
ECFP_1592,3156,0.0,2,included
ECFP_1593,3156,0.0,2,included
ECFP_1594,3156,0.0,2,included
ECFP_1595,3156,0.0,2,included
ECFP_1596,3156,0.0,2,included
ECFP_1597,3156,0.0,2,included
ECFP_1598,3156,0.0,2,included
ECFP_1599,3156,0.0,2,included
ECFP_1600,3156,0.0,2,included
ECFP_1601,3156,0.0,2,included
ECFP_1602,3156,0.0,2,included
ECFP_1603,3156,0.0,2,included
ECFP_1604,3156,0.0,2,included
ECFP_1605,3156,0.0,2,included
ECFP_1606,3156,0.0,2,included
ECFP_1607,3156,0.0,2,included
ECFP_1608,3156,0.0,2,included
ECFP_1609,3156,0.0,2,included
ECFP_1610,3156,0.0,2,included
ECFP_1611,3156,0.0,2,included
ECFP_1612,3156,0.0,2,included
ECFP_1613,3156,0.0,2,included
ECFP_1614,3156,0.0,2,included
ECFP_1615,3156,0.0,2,included
ECFP_1616,3156,0.0,2,included
ECFP_1617,3156,0.0,2,included
ECFP_1618,3156,0.0,2,included
ECFP_1619,3156,0.0,2,included
ECFP_1620,3156,0.0,2,included
ECFP_1621,3156,0.0,2,included
ECFP_1622,3156,0.0,2,included
ECFP_1623,3156,0.0,2,included
ECFP_1624,3156,0.0,2,included
ECFP_1625,3156,0.0,2,included
ECFP_1626,3156,0.0,2,included
ECFP_1627,3156,0.0,2,included
ECFP_1628,3156,0.0,2,included
ECFP_1629,3156,0.0,2,included
ECFP_1630,3156,0.0,2,included
ECFP_1631,3156,0.0,2,included
ECFP_1632,3156,0.0,2,included
ECFP_1633,3156,0.0,2,included
ECFP_1634,3156,0.0,2,included
ECFP_1635,3156,0.0,2,included
ECFP_1636,3156,0.0,2,included
ECFP_1637,3156,0.0,2,included
ECFP_1638,3156,0.0,2,included
ECFP_1639,3156,0.0,2,included
ECFP_1640,3156,0.0,2,included
ECFP_1641,3156,0.0,2,included
ECFP_1642,3156,0.0,2,included
ECFP_1643,3156,0.0,2,included
ECFP_1644,3156,0.0,2,included
ECFP_1645,3156,0.0,2,included
ECFP_1646,3156,0.0,2,included
ECFP_1647,3156,0.0,2,included
ECFP_1648,3156,0.0,2,included
ECFP_1649,3156,0.0,2,included
ECFP_1650,3156,0.0,2,included
ECFP_1651,3156,0.0,2,included
ECFP_1652,3156,0.0,2,included
ECFP_1653,3156,0.0,2,included
ECFP_1654,3156,0.0,2,included
ECFP_1655,3156,0.0,2,included
ECFP_1656,3156,0.0,2,included
ECFP_1657,3156,0.0,2,included
ECFP_1658,3156,0.0,2,included
ECFP_1659,3156,0.0,2,included
ECFP_1660,3156,0.0,2,included
ECFP_1661,3156,0.0,2,included
ECFP_1662,3156,0.0,2,included
ECFP_1663,3156,0.0,2,included
ECFP_1664,3156,0.0,2,included
ECFP_1665,3156,0.0,2,included
ECFP_1666,3156,0.0,2,included
ECFP_1667,3156,0.0,2,included
ECFP_1668,3156,0.0,2,included
ECFP_1669,3156,0.0,2,included
ECFP_1670,3156,0.0,2,included
ECFP_1671,3156,0.0,2,included
ECFP_1672,3156,0.0,2,included
ECFP_1673,3156,0.0,2,included
ECFP_1674,3156,0.0,2,included
ECFP_1675,3156,0.0,2,included
ECFP_1676,3156,0.0,2,included
ECFP_1677,3156,0.0,2,included
ECFP_1678,3156,0.0,2,included
ECFP_1679,3156,0.0,2,included
ECFP_1680,3156,0.0,2,included
ECFP_1681,3156,0.0,2,included
ECFP_1682,3156,0.0,2,included
ECFP_1683,3156,0.0,2,included
ECFP_1684,3156,0.0,2,included
ECFP_1685,3156,0.0,2,included
ECFP_1686,3156,0.0,2,included
ECFP_1687,3156,0.0,2,included
ECFP_1688,3156,0.0,2,included
ECFP_1689,3156,0.0,2,included
ECFP_1690,3156,0.0,2,included
ECFP_1691,3156,0.0,2,included
ECFP_1692,3156,0.0,2,included
ECFP_1693,3156,0.0,2,included
ECFP_1694,3156,0.0,2,included
ECFP_1695,3156,0.0,2,included
ECFP_1696,3156,0.0,2,included
ECFP_1697,3156,0.0,2,included
ECFP_1698,3156,0.0,2,included
ECFP_1699,3156,0.0,2,included
ECFP_1700,3156,0.0,2,included
ECFP_1701,3156,0.0,2,included
ECFP_1702,3156,0.0,2,included
ECFP_1703,3156,0.0,2,included
ECFP_1704,3156,0.0,2,included
ECFP_1705,3156,0.0,2,included
ECFP_1706,3156,0.0,2,included
ECFP_1707,3156,0.0,2,included
ECFP_1708,3156,0.0,2,included
ECFP_1709,3156,0.0,2,included
ECFP_1710,3156,0.0,2,included
ECFP_1711,3156,0.0,2,included
ECFP_1712,3156,0.0,2,included
ECFP_1713,3156,0.0,2,included
ECFP_1714,3156,0.0,2,included
ECFP_1715,3156,0.0,2,included
ECFP_1716,3156,0.0,2,included
ECFP_1717,3156,0.0,2,included
ECFP_1718,3156,0.0,2,included
ECFP_1719,3156,0.0,2,included
ECFP_1720,3156,0.0,2,included
ECFP_1721,3156,0.0,2,included
ECFP_1722,3156,0.0,2,included
ECFP_1723,3156,0.0,2,included
ECFP_1724,3156,0.0,2,included
ECFP_1725,3156,0.0,2,included
ECFP_1726,3156,0.0,2,included
ECFP_1727,3156,0.0,2,included
ECFP_1728,3156,0.0,2,included
ECFP_1729,3156,0.0,2,included
ECFP_1730,3156,0.0,2,included
ECFP_1731,3156,0.0,2,included
ECFP_1732,3156,0.0,2,included
ECFP_1733,3156,0.0,2,included
ECFP_1734,3156,0.0,2,included
ECFP_1735,3156,0.0,2,included
ECFP_1736,3156,0.0,2,included
ECFP_1737,3156,0.0,2,included
ECFP_1738,3156,0.0,2,included
ECFP_1739,3156,0.0,2,included
ECFP_1740,3156,0.0,2,included
ECFP_1741,3156,0.0,2,included
ECFP_1742,3156,0.0,2,included
ECFP_1743,3156,0.0,2,included
ECFP_1744,3156,0.0,2,included
ECFP_1745,3156,0.0,2,included
ECFP_1746,3156,0.0,2,included
ECFP_1747,3156,0.0,2,included
ECFP_1748,3156,0.0,2,included
ECFP_1749,3156,0.0,2,included
ECFP_1750,3156,0.0,2,included
ECFP_1751,3156,0.0,2,included
ECFP_1752,3156,0.0,2,included
ECFP_1753,3156,0.0,2,included
ECFP_1754,3156,0.0,2,included
ECFP_1755,3156,0.0,2,included
ECFP_1756,3156,0.0,2,included
ECFP_1757,3156,0.0,2,included
ECFP_1758,3156,0.0,2,included
ECFP_1759,3156,0.0,2,included
ECFP_1760,3156,0.0,2,included
ECFP_1761,3156,0.0,2,included
ECFP_1762,3156,0.0,2,included
ECFP_1763,3156,0.0,2,included
ECFP_1764,3156,0.0,2,included
ECFP_1765,3156,0.0,2,included
ECFP_1766,3156,0.0,2,included
ECFP_1767,3156,0.0,2,included
ECFP_1768,3156,0.0,2,included
ECFP_1769,3156,0.0,2,included
ECFP_1770,3156,0.0,2,included
ECFP_1771,3156,0.0,2,included
ECFP_1772,3156,0.0,2,included
ECFP_1773,3156,0.0,2,included
ECFP_1774,3156,0.0,2,included
ECFP_1775,3156,0.0,2,included
ECFP_1776,3156,0.0,2,included
ECFP_1777,3156,0.0,2,included
ECFP_1778,3156,0.0,2,included
ECFP_1779,3156,0.0,2,included
ECFP_1780,3156,0.0,2,included
ECFP_1781,3156,0.0,2,included
ECFP_1782,3156,0.0,2,included
ECFP_1783,3156,0.0,2,included
ECFP_1784,3156,0.0,2,included
ECFP_1785,3156,0.0,2,included
ECFP_1786,3156,0.0,2,included
ECFP_1787,3156,0.0,2,included
ECFP_1788,3156,0.0,2,included
ECFP_1789,3156,0.0,2,included
ECFP_1790,3156,0.0,2,included
ECFP_1791,3156,0.0,2,included
ECFP_1792,3156,0.0,2,included
ECFP_1793,3156,0.0,2,included
ECFP_1794,3156,0.0,2,included
ECFP_1795,3156,0.0,2,included
ECFP_1796,3156,0.0,2,included
ECFP_1797,3156,0.0,2,included
ECFP_1798,3156,0.0,2,included
ECFP_1799,3156,0.0,2,included
ECFP_1800,3156,0.0,2,included
ECFP_1801,3156,0.0,2,included
ECFP_1802,3156,0.0,2,included
ECFP_1803,3156,0.0,2,included
ECFP_1804,3156,0.0,2,included
ECFP_1805,3156,0.0,2,included
ECFP_1806,3156,0.0,2,included
ECFP_1807,3156,0.0,2,included
ECFP_1808,3156,0.0,2,included
ECFP_1809,3156,0.0,2,included
ECFP_1810,3156,0.0,2,included
ECFP_1811,3156,0.0,2,included
ECFP_1812,3156,0.0,2,included
ECFP_1813,3156,0.0,2,included
ECFP_1814,3156,0.0,2,included
ECFP_1815,3156,0.0,2,included
ECFP_1816,3156,0.0,2,included
ECFP_1817,3156,0.0,2,included
ECFP_1818,3156,0.0,2,included
ECFP_1819,3156,0.0,2,included
ECFP_1820,3156,0.0,2,included
ECFP_1821,3156,0.0,2,included
ECFP_1822,3156,0.0,2,included
ECFP_1823,3156,0.0,2,included
ECFP_1824,3156,0.0,2,included
ECFP_1825,3156,0.0,2,included
ECFP_1826,3156,0.0,2,included
ECFP_1827,3156,0.0,2,included
ECFP_1828,3156,0.0,2,included
ECFP_1829,3156,0.0,2,included
ECFP_1830,3156,0.0,2,included
ECFP_1831,3156,0.0,2,included
ECFP_1832,3156,0.0,2,included
ECFP_1833,3156,0.0,2,included
ECFP_1834,3156,0.0,2,included
ECFP_1835,3156,0.0,2,included
ECFP_1836,3156,0.0,2,included
ECFP_1837,3156,0.0,2,included
ECFP_1838,3156,0.0,2,included
ECFP_1839,3156,0.0,2,included
ECFP_1840,3156,0.0,2,included
ECFP_1841,3156,0.0,2,included
ECFP_1842,3156,0.0,2,included
ECFP_1843,3156,0.0,2,included
ECFP_1844,3156,0.0,2,included
ECFP_1845,3156,0.0,2,included
ECFP_1846,3156,0.0,2,included
ECFP_1847,3156,0.0,2,included
ECFP_1848,3156,0.0,2,included
ECFP_1849,3156,0.0,2,included
ECFP_1850,3156,0.0,2,included
ECFP_1851,3156,0.0,2,included
ECFP_1852,3156,0.0,2,included
ECFP_1853,3156,0.0,2,included
ECFP_1854,3156,0.0,2,included
ECFP_1855,3156,0.0,2,included
ECFP_1856,3156,0.0,2,included
ECFP_1857,3156,0.0,2,included
ECFP_1858,3156,0.0,2,included
ECFP_1859,3156,0.0,2,included
ECFP_1860,3156,0.0,2,included
ECFP_1861,3156,0.0,2,included
ECFP_1862,3156,0.0,2,included
ECFP_1863,3156,0.0,2,included
ECFP_1864,3156,0.0,2,included
ECFP_1865,3156,0.0,2,included
ECFP_1866,3156,0.0,2,included
ECFP_1867,3156,0.0,2,included
ECFP_1868,3156,0.0,2,included
ECFP_1869,3156,0.0,2,included
ECFP_1870,3156,0.0,2,included
ECFP_1871,3156,0.0,2,included
ECFP_1872,3156,0.0,2,included
ECFP_1873,3156,0.0,2,included
ECFP_1874,3156,0.0,2,included
ECFP_1875,3156,0.0,2,included
ECFP_1876,3156,0.0,2,included
ECFP_1877,3156,0.0,2,included
ECFP_1878,3156,0.0,2,included
ECFP_1879,3156,0.0,2,included
ECFP_1880,3156,0.0,2,included
ECFP_1881,3156,0.0,2,included
ECFP_1882,3156,0.0,2,included
ECFP_1883,3156,0.0,2,included
ECFP_1884,3156,0.0,2,included
ECFP_1885,3156,0.0,2,included
ECFP_1886,3156,0.0,2,included
ECFP_1887,3156,0.0,2,included
ECFP_1888,3156,0.0,2,included
ECFP_1889,3156,0.0,2,included
ECFP_1890,3156,0.0,2,included
ECFP_1891,3156,0.0,2,included
ECFP_1892,3156,0.0,2,included
ECFP_1893,3156,0.0,2,included
ECFP_1894,3156,0.0,2,included
ECFP_1895,3156,0.0,2,included
ECFP_1896,3156,0.0,2,included
ECFP_1897,3156,0.0,2,included
ECFP_1898,3156,0.0,2,included
ECFP_1899,3156,0.0,2,included
ECFP_1900,3156,0.0,2,included
ECFP_1901,3156,0.0,2,included
ECFP_1902,3156,0.0,2,included
ECFP_1903,3156,0.0,2,included
ECFP_1904,3156,0.0,2,included
ECFP_1905,3156,0.0,2,included
ECFP_1906,3156,0.0,2,included
ECFP_1907,3156,0.0,2,included
ECFP_1908,3156,0.0,2,included
ECFP_1909,3156,0.0,2,included
ECFP_1910,3156,0.0,2,included
ECFP_1911,3156,0.0,2,included
ECFP_1912,3156,0.0,2,included
ECFP_1913,3156,0.0,2,included
ECFP_1914,3156,0.0,2,included
ECFP_1915,3156,0.0,2,included
ECFP_1916,3156,0.0,2,included
ECFP_1917,3156,0.0,2,included
ECFP_1918,3156,0.0,2,included
ECFP_1919,3156,0.0,2,included
ECFP_1920,3156,0.0,2,included
ECFP_1921,3156,0.0,2,included
ECFP_1922,3156,0.0,2,included
ECFP_1923,3156,0.0,2,included
ECFP_1924,3156,0.0,2,included
ECFP_1925,3156,0.0,2,included
ECFP_1926,3156,0.0,2,included
ECFP_1927,3156,0.0,2,included
ECFP_1928,3156,0.0,2,included
ECFP_1929,3156,0.0,2,included
ECFP_1930,3156,0.0,2,included
ECFP_1931,3156,0.0,2,included
ECFP_1932,3156,0.0,2,included
ECFP_1933,3156,0.0,2,included
ECFP_1934,3156,0.0,2,included
ECFP_1935,3156,0.0,2,included
ECFP_1936,3156,0.0,2,included
ECFP_1937,3156,0.0,2,included
ECFP_1938,3156,0.0,2,included
ECFP_1939,3156,0.0,2,included
ECFP_1940,3156,0.0,2,included
ECFP_1941,3156,0.0,2,included
ECFP_1942,3156,0.0,2,included
ECFP_1943,3156,0.0,2,included
ECFP_1944,3156,0.0,2,included
ECFP_1945,3156,0.0,2,included
ECFP_1946,3156,0.0,2,included
ECFP_1947,3156,0.0,2,included
ECFP_1948,3156,0.0,2,included
ECFP_1949,3156,0.0,2,included
ECFP_1950,3156,0.0,2,included
ECFP_1951,3156,0.0,2,included
ECFP_1952,3156,0.0,2,included
ECFP_1953,3156,0.0,2,included
ECFP_1954,3156,0.0,2,included
ECFP_1955,3156,0.0,2,included
ECFP_1956,3156,0.0,2,included
ECFP_1957,3156,0.0,2,included
ECFP_1958,3156,0.0,2,included
ECFP_1959,3156,0.0,2,included
ECFP_1960,3156,0.0,2,included
ECFP_1961,3156,0.0,2,included
ECFP_1962,3156,0.0,2,included
ECFP_1963,3156,0.0,2,included
ECFP_1964,3156,0.0,2,included
ECFP_1965,3156,0.0,2,included
ECFP_1966,3156,0.0,2,included
ECFP_1967,3156,0.0,2,included
ECFP_1968,3156,0.0,2,included
ECFP_1969,3156,0.0,2,included
ECFP_1970,3156,0.0,2,included
ECFP_1971,3156,0.0,2,included
ECFP_1972,3156,0.0,2,included
ECFP_1973,3156,0.0,2,included
ECFP_1974,3156,0.0,2,included
ECFP_1975,3156,0.0,2,included
ECFP_1976,3156,0.0,2,included
ECFP_1977,3156,0.0,2,included
ECFP_1978,3156,0.0,2,included
ECFP_1979,3156,0.0,2,included
ECFP_1980,3156,0.0,2,included
ECFP_1981,3156,0.0,2,included
ECFP_1982,3156,0.0,2,included
ECFP_1983,3156,0.0,2,included
ECFP_1984,3156,0.0,2,included
ECFP_1985,3156,0.0,2,included
ECFP_1986,3156,0.0,2,included
ECFP_1987,3156,0.0,2,included
ECFP_1988,3156,0.0,2,included
ECFP_1989,3156,0.0,2,included
ECFP_1990,3156,0.0,2,included
ECFP_1991,3156,0.0,2,included
ECFP_1992,3156,0.0,2,included
ECFP_1993,3156,0.0,2,included
ECFP_1994,3156,0.0,2,included
ECFP_1995,3156,0.0,2,included
ECFP_1996,3156,0.0,2,included
ECFP_1997,3156,0.0,2,included
ECFP_1998,3156,0.0,2,included
ECFP_1999,3156,0.0,2,included
ECFP_2000,3156,0.0,2,included
ECFP_2001,3156,0.0,2,included
ECFP_2002,3156,0.0,2,included
ECFP_2003,3156,0.0,2,included
ECFP_2004,3156,0.0,2,included
ECFP_2005,3156,0.0,2,included
ECFP_2006,3156,0.0,2,included
ECFP_2007,3156,0.0,2,included
ECFP_2008,3156,0.0,2,included
ECFP_2009,3156,0.0,2,included
ECFP_2010,3156,0.0,2,included
ECFP_2011,3156,0.0,2,included
ECFP_2012,3156,0.0,2,included
ECFP_2013,3156,0.0,2,included
ECFP_2014,3156,0.0,2,included
ECFP_2015,3156,0.0,2,included
ECFP_2016,3156,0.0,2,included
ECFP_2017,3156,0.0,2,included
ECFP_2018,3156,0.0,2,included
ECFP_2019,3156,0.0,2,included
ECFP_2020,3156,0.0,2,included
ECFP_2021,3156,0.0,2,included
ECFP_2022,3156,0.0,2,included
ECFP_2023,3156,0.0,2,included
ECFP_2024,3156,0.0,2,included
ECFP_2025,3156,0.0,2,included
ECFP_2026,3156,0.0,2,included
ECFP_2027,3156,0.0,2,included
ECFP_2028,3156,0.0,2,included
ECFP_2029,3156,0.0,2,included
ECFP_2030,3156,0.0,2,included
ECFP_2031,3156,0.0,2,included
ECFP_2032,3156,0.0,2,included
ECFP_2033,3156,0.0,2,included
ECFP_2034,3156,0.0,2,included
ECFP_2035,3156,0.0,2,included
ECFP_2036,3156,0.0,2,included
ECFP_2037,3156,0.0,2,included
ECFP_2038,3156,0.0,2,included
ECFP_2039,3156,0.0,2,included
ECFP_2040,3156,0.0,2,included
ECFP_2041,3156,0.0,2,included
ECFP_2042,3156,0.0,2,included
ECFP_2043,3156,0.0,2,included
ECFP_2044,3156,0.0,2,included
ECFP_2045,3156,0.0,2,included
ECFP_2046,3156,0.0,2,included
ECFP_2047,3156,0.0,2,included
nAcid,3156,0.0,5,included
nBase,3156,0.0,9,included
nAromAtom,3156,0.0,23,included
nAromBond,3156,0.0,20,included
nAtom,3156,0.0,100,included
nHeavyAtom,3156,0.0,54,included
nSpiro,3156,0.0,4,included
nBridgehead,3156,0.0,6,included
nHetero,3156,0.0,18,included
nH,3156,0.0,57,included
nB,3156,0.0,2,included
nC,3156,0.0,43,included
nN,3156,0.0,10,included
nO,3156,0.0,12,included
nS,3156,0.0,4,included
nP,3156,0.0,3,included
nF,3156,0.0,10,included
nCl,3156,0.0,7,included
nBr,3156,0.0,4,included
nI,3156,0.0,5,included
nX,3156,0.0,10,included
ATS0dv,3156,0.0,1073,included
ATS1dv,3156,0.0,1438,included
ATS2dv,3156,0.0,1660,included
ATS3dv,3156,0.0,1740,included
ATS4dv,3156,0.0,1687,included
ATS5dv,3156,0.0,1688,included
ATS6dv,3156,0.0,1610,included
ATS7dv,3156,0.0,1485,included
ATS8dv,3156,0.0,1311,included
ATS0d,3156,0.0,283,included
ATS1d,3156,0.0,363,included
ATS2d,3156,0.0,573,included
ATS3d,3156,0.0,700,included
ATS4d,3156,0.0,745,included
ATS5d,3156,0.0,713,included
ATS6d,3156,0.0,666,included
ATS7d,3156,0.0,605,included
ATS8d,3156,0.0,549,included
ATS0Z,3156,0.0,897,included
ATS1Z,3156,0.0,1171,included
ATS2Z,3156,0.0,1733,included
ATS3Z,3156,0.0,1948,included
ATS4Z,3156,0.0,2012,included
ATS5Z,3156,0.0,1959,included
ATS6Z,3156,0.0,1946,included
ATS7Z,3156,0.0,1864,included
ATS8Z,3156,0.0,1733,included
ATS0m,3156,0.0,2611,included
ATS1m,3156,0.0,2987,included
ATS2m,3156,0.0,3099,included
ATS3m,3156,0.0,3124,included
ATS4m,3156,0.0,3120,included
ATS5m,3156,0.0,3095,included
ATS6m,3156,0.0,3056,included
ATS7m,3156,0.0,2987,included
ATS8m,3156,0.0,2864,included
ATS0v,3156,0.0,2633,included
ATS1v,3156,0.0,2971,included
ATS2v,3156,0.0,3094,included
ATS3v,3156,0.0,3125,included
ATS4v,3156,0.0,3120,included
ATS5v,3156,0.0,3096,included
ATS6v,3156,0.0,3057,included
ATS7v,3156,0.0,2988,included
ATS8v,3156,0.0,2866,included
ATS0se,3156,0.0,2622,included
ATS1se,3156,0.0,2979,included
ATS2se,3156,0.0,3099,included
ATS3se,3156,0.0,3127,included
ATS4se,3156,0.0,3117,included
ATS5se,3156,0.0,3097,included
ATS6se,3156,0.0,3058,included
ATS7se,3156,0.0,2991,included
ATS8se,3156,0.0,2869,included
ATS0pe,3156,0.0,2611,included
ATS1pe,3156,0.0,2943,included
ATS2pe,3156,0.0,3104,included
ATS3pe,3156,0.0,3123,included
ATS4pe,3156,0.0,3118,included
ATS5pe,3156,0.0,3096,included
ATS6pe,3156,0.0,3059,included
ATS7pe,3156,0.0,2989,included
ATS8pe,3156,0.0,2876,included
ATS0are,3156,0.0,2636,included
ATS1are,3156,0.0,2909,included
ATS2are,3156,0.0,3102,included
ATS3are,3156,0.0,3123,included
ATS4are,3156,0.0,3119,included
ATS5are,3156,0.0,3095,included
ATS6are,3156,0.0,3059,included
ATS7are,3156,0.0,2987,included
ATS8are,3156,0.0,2873,included
ATS0p,3156,0.0,2629,included
ATS1p,3156,0.0,2983,included
ATS2p,3156,0.0,3095,included
ATS3p,3156,0.0,3126,included
ATS4p,3156,0.0,3117,included
ATS5p,3156,0.0,3096,included
ATS6p,3156,0.0,3059,included
ATS7p,3156,0.0,2991,included
ATS8p,3156,0.0,2874,included
ATS0i,3156,0.0,2591,included
ATS1i,3156,0.0,2987,included
ATS2i,3156,0.0,3103,included
ATS3i,3156,0.0,3126,included
ATS4i,3156,0.0,3115,included
ATS5i,3156,0.0,3095,included
ATS6i,3156,0.0,3055,included
ATS7i,3156,0.0,2988,included
ATS8i,3156,0.0,2858,included
AATS0dv,3156,0.0,2548,included
AATS1dv,3156,0.0,2712,included
AATS0d,3156,0.0,1367,included
AATS1d,3156,0.0,1594,included
AATS0Z,3156,0.0,2281,included
AATS1Z,3156,0.0,2462,included
AATS0m,3156,0.0,2594,included
AATS1m,3156,0.0,2979,included
AATS0v,3156,0.0,2623,included
AATS1v,3156,0.0,2958,included
AATS0se,3156,0.0,2613,included
AATS1se,3156,0.0,2980,included
AATS0pe,3156,0.0,2612,included
AATS1pe,3156,0.0,2953,included
AATS0are,3156,0.0,2631,included
AATS1are,3156,0.0,2920,included
AATS0p,3156,0.0,2610,included
AATS1p,3156,0.0,2970,included
AATS0i,3156,0.0,2562,included
AATS1i,3156,0.0,2977,included
ATSC0c,3156,0.0,3151,included
ATSC1c,3156,0.0,3151,included
ATSC2c,3156,0.0,3151,included
ATSC3c,3156,0.0,3145,included
ATSC4c,3156,0.0,3125,included
ATSC5c,3156,0.0,3107,included
ATSC6c,3156,0.0,3082,included
ATSC7c,3156,0.0,3031,included
ATSC8c,3156,0.0,2972,included
ATSC0dv,3156,0.0,2923,included
ATSC1dv,3156,0.0,3079,included
ATSC2dv,3156,0.0,3110,included
ATSC3dv,3156,0.0,3117,included
ATSC4dv,3156,0.0,3094,included
ATSC5dv,3156,0.0,3079,included
ATSC6dv,3156,0.0,3057,included
ATSC7dv,3156,0.0,3014,included
ATSC8dv,3156,0.0,2951,included
ATSC0d,3156,0.0,2244,included
ATSC1d,3156,0.0,2969,included
ATSC2d,3156,0.0,3021,included
ATSC3d,3156,0.0,3016,included
ATSC4d,3156,0.0,3011,included
ATSC5d,3156,0.0,3016,included
ATSC6d,3156,0.0,2989,included
ATSC7d,3156,0.0,2941,included
ATSC8d,3156,0.0,2886,included
ATSC0Z,3156,0.0,2585,included
ATSC1Z,3156,0.0,2912,included
ATSC2Z,3156,0.0,3077,included
ATSC3Z,3156,0.0,3090,included
ATSC4Z,3156,0.0,3087,included
ATSC5Z,3156,0.0,3079,included
ATSC6Z,3156,0.0,3054,included
ATSC7Z,3156,0.0,3008,included
ATSC8Z,3156,0.0,2950,included
ATSC0m,3156,0.0,2633,included
ATSC1m,3156,0.0,3045,included
ATSC2m,3156,0.0,3119,included
ATSC3m,3156,0.0,3132,included
ATSC4m,3156,0.0,3122,included
ATSC5m,3156,0.0,3106,included
ATSC6m,3156,0.0,3080,included
ATSC7m,3156,0.0,3029,included
ATSC8m,3156,0.0,2967,included
ATSC0v,3156,0.0,2655,included
ATSC1v,3156,0.0,3037,included
ATSC2v,3156,0.0,3116,included
ATSC3v,3156,0.0,3129,included
ATSC4v,3156,0.0,3120,included
ATSC5v,3156,0.0,3106,included
ATSC6v,3156,0.0,3080,included
ATSC7v,3156,0.0,3028,included
ATSC8v,3156,0.0,2966,included
ATSC0se,3156,0.0,2692,included
ATSC1se,3156,0.0,2979,included
ATSC2se,3156,0.0,3104,included
ATSC3se,3156,0.0,3126,included
ATSC4se,3156,0.0,3119,included
ATSC5se,3156,0.0,3103,included
ATSC6se,3156,0.0,3079,included
ATSC7se,3156,0.0,3027,included
ATSC8se,3156,0.0,2967,included
ATSC0pe,3156,0.0,2705,included
ATSC1pe,3156,0.0,3005,included
ATSC2pe,3156,0.0,3108,included
ATSC3pe,3156,0.0,3127,included
ATSC4pe,3156,0.0,3122,included
ATSC5pe,3156,0.0,3102,included
ATSC6pe,3156,0.0,3079,included
ATSC7pe,3156,0.0,3028,included
ATSC8pe,3156,0.0,2968,included
ATSC0are,3156,0.0,2694,included
ATSC1are,3156,0.0,2979,included
ATSC2are,3156,0.0,3107,included
ATSC3are,3156,0.0,3127,included
ATSC4are,3156,0.0,3121,included
ATSC5are,3156,0.0,3102,included
ATSC6are,3156,0.0,3080,included
ATSC7are,3156,0.0,3026,included
ATSC8are,3156,0.0,2965,included
ATSC0p,3156,0.0,2627,included
ATSC1p,3156,0.0,3026,included
ATSC2p,3156,0.0,3123,included
ATSC3p,3156,0.0,3133,included
ATSC4p,3156,0.0,3124,included
ATSC5p,3156,0.0,3105,included
ATSC6p,3156,0.0,3079,included
ATSC7p,3156,0.0,3029,included
ATSC8p,3156,0.0,2967,included
ATSC0i,3156,0.0,2664,included
ATSC1i,3156,0.0,3030,included
ATSC2i,3156,0.0,3117,included
ATSC3i,3156,0.0,3130,included
ATSC4i,3156,0.0,3119,included
ATSC5i,3156,0.0,3106,included
ATSC6i,3156,0.0,3080,included
ATSC7i,3156,0.0,3029,included
ATSC8i,3156,0.0,2968,included
AATSC0c,3156,0.0,3150,included
AATSC1c,3156,0.0,3151,included
AATSC0dv,3156,0.0,2945,included
AATSC1dv,3156,0.0,3100,included
AATSC0d,3156,0.0,2153,included
AATSC1d,3156,0.0,2950,included
AATSC0Z,3156,0.0,2573,included
AATSC1Z,3156,0.0,2964,included
AATSC0m,3156,0.0,2612,included
AATSC1m,3156,0.0,3045,included
AATSC0v,3156,0.0,2645,included
AATSC1v,3156,0.0,3039,included
AATSC0se,3156,0.0,2549,included
AATSC1se,3156,0.0,2944,included
AATSC0pe,3156,0.0,2573,included
AATSC1pe,3156,0.0,2948,included
AATSC0are,3156,0.0,2563,included
AATSC1are,3156,0.0,2940,included
AATSC0p,3156,0.0,2565,included
AATSC1p,3156,0.0,2953,included
AATSC0i,3156,0.0,2638,included
AATSC1i,3156,0.0,2988,included
BalabanJ,3156,0.0,2740,included
BertzCT,3156,0.0,3008,included
nBonds,3156,0.0,106,included
nBondsO,3156,0.0,60,included
nBondsS,3156,0.0,91,included
nBondsD,3156,0.0,11,included
nBondsT,3156,0.0,3,included
nBondsA,3156,0.0,20,included
nBondsM,3156,0.0,31,included
nBondsKS,3156,0.0,94,included
nBondsKD,3156,0.0,16,included
PNSA1,3156,0.0,3156,included
PNSA2,3156,0.0,3156,included
PNSA3,3156,0.0,3156,included
PNSA4,3156,0.0,3156,included
PPSA1,3156,0.0,3153,included
PPSA2,3156,0.0,3153,included
PPSA3,3156,0.0,3153,included
PPSA4,3156,0.0,3153,included
DPSA1,3156,0.0,3156,included
DPSA2,3156,0.0,3156,included
DPSA3,3156,0.0,3156,included
DPSA4,3156,0.0,3156,included
FNSA1,3156,0.0,3154,included
FNSA2,3156,0.0,3156,included
FNSA3,3156,0.0,3156,included
FNSA4,3156,0.0,3156,included
FPSA1,3156,0.0,3153,included
FPSA2,3156,0.0,3153,included
FPSA3,3156,0.0,3153,included
FPSA4,3156,0.0,3153,included
WNSA1,3156,0.0,3156,included
WNSA2,3156,0.0,3156,included
WNSA3,3156,0.0,3156,included
WNSA4,3156,0.0,3156,included
WPSA1,3156,0.0,3153,included
WPSA2,3156,0.0,3153,included
WPSA3,3156,0.0,3153,included
WPSA4,3156,0.0,3153,included
RNCG,3156,0.0,3140,included
RPCG,3156,0.0,3147,included
RNCS,3156,0.0,3014,included
RPCS,3156,0.0,2983,included
TASA,3156,0.0,3156,included
TPSA,3156,0.0,3058,included
RASA,3156,0.0,3090,included
RPSA,3156,0.0,3087,included
C1SP1,3156,0.0,3,included
C2SP1,3156,0.0,4,included
C1SP2,3156,0.0,9,included
C2SP2,3156,0.0,19,included
C3SP2,3156,0.0,9,included
C1SP3,3156,0.0,14,included
C2SP3,3156,0.0,17,included
C3SP3,3156,0.0,8,included
C4SP3,3156,0.0,4,included
FCSP3,3156,0.0,252,included
Xch-3d,3156,0.0,13,included
Xch-4d,3156,0.0,44,included
Xch-5d,3156,0.0,197,included
Xch-6d,3156,0.0,957,included
Xch-7d,3156,0.0,1775,included
Xch-3dv,3156,0.0,17,included
Xch-4dv,3156,0.0,57,included
Xch-5dv,3156,0.0,396,included
Xch-6dv,3156,0.0,1786,included
Xch-7dv,3156,0.0,2477,included
Xc-3d,3156,0.0,1962,included
Xc-4d,3156,0.0,142,included
Xc-5d,3156,0.0,1192,included
Xc-6d,3156,0.0,223,included
Xc-3dv,3156,0.0,2923,included
Xc-4dv,3156,0.0,279,included
Xc-5dv,3156,0.0,2149,included
Xc-6dv,3156,0.0,455,included
Xpc-4d,3156,0.0,2551,included
Xpc-5d,3156,0.0,2673,included
Xpc-6d,3156,0.0,2726,included
Xpc-4dv,3156,0.0,3050,included
Xpc-5dv,3156,0.0,3067,included
Xpc-6dv,3156,0.0,3060,included
Xp-1d,3156,0.0,2172,included
Xp-2d,3156,0.0,2697,included
Xp-3d,3156,0.0,2715,included
Xp-4d,3156,0.0,2729,included
Xp-5d,3156,0.0,2728,included
Xp-6d,3156,0.0,2703,included
Xp-7d,3156,0.0,2683,included
Xp-1dv,3156,0.0,3115,included
Xp-2dv,3156,0.0,3140,included
Xp-3dv,3156,0.0,3128,included
Xp-4dv,3156,0.0,3099,included
Xp-5dv,3156,0.0,3074,included
Xp-6dv,3156,0.0,3046,included
Xp-7dv,3156,0.0,3014,included
SZ,3156,0.0,549,included
Sm,3156,0.0,2614,included
Sv,3156,0.0,2594,included
Sse,3156,0.0,2616,included
Spe,3156,0.0,2463,included
Sare,3156,0.0,2505,included
Sp,3156,0.0,2600,included
Si,3156,0.0,2634,included
MZ,3156,0.0,1605,included
Mm,3156,0.0,2592,included
Mv,3156,0.0,2574,included
Mse,3156,0.0,2568,included
Mpe,3156,0.0,2482,included
Mare,3156,0.0,2476,included
Mp,3156,0.0,2587,included
Mi,3156,0.0,2581,included
NsssB,3156,0.0,2,included
NsCH3,3156,0.0,11,included
NdCH2,3156,0.0,3,included
NssCH2,3156,0.0,18,included
NtCH,3156,0.0,2,included
NdsCH,3156,0.0,7,included
NaaCH,3156,0.0,18,included
NsssCH,3156,0.0,11,included
NddC,3156,0.0,2,included
NtsC,3156,0.0,5,included
NdssC,3156,0.0,10,included
NaasC,3156,0.0,12,included
NaaaC,3156,0.0,6,included
NssssC,3156,0.0,7,included
NsNH2,3156,0.0,5,included
NssNH,3156,0.0,6,included
NaaNH,3156,0.0,4,included
NtN,3156,0.0,3,included
NdsN,3156,0.0,5,included
NaaN,3156,0.0,7,included
NsssN,3156,0.0,6,included
NddsN,3156,0.0,2,included
NaasN,3156,0.0,4,included
NssssN,3156,0.0,3,included
NsOH,3156,0.0,6,included
NdO,3156,0.0,7,included
NssO,3156,0.0,9,included
NaaO,3156,0.0,3,included
NsF,3156,0.0,10,included
NdsssP,3156,0.0,3,included
NsSH,3156,0.0,3,included
NdS,3156,0.0,3,included
NssS,3156,0.0,4,included
NaaS,3156,0.0,3,included
NdssS,3156,0.0,3,included
NddssS,3156,0.0,3,included
NsCl,3156,0.0,7,included
NsBr,3156,0.0,4,included
NsI,3156,0.0,5,included
SsssB,3156,0.0,2,included
SsCH3,3156,0.0,2395,included
SdCH2,3156,0.0,76,included
SssCH2,3156,0.0,2736,included
StCH,3156,0.0,27,included
SdsCH,3156,0.0,587,included
SaaCH,3156,0.0,2594,included
SsssCH,3156,0.0,1922,included
SddC,3156,0.0,2,included
StsC,3156,0.0,143,included
SdssC,3156,0.0,2092,included
SaasC,3156,0.0,2613,included
SaaaC,3156,0.0,443,included
SssssC,3156,0.0,1021,included
SsNH2,3156,0.0,492,included
SssNH,3156,0.0,1188,included
SaaNH,3156,0.0,235,included
StN,3156,0.0,107,included
SdsN,3156,0.0,294,included
SaaN,3156,0.0,710,included
SsssN,3156,0.0,1489,included
SddsN,3156,0.0,94,included
SaasN,3156,0.0,386,included
SssssN,3156,0.0,43,included
SsOH,3156,0.0,1229,included
SdO,3156,0.0,2150,included
SssO,3156,0.0,1337,included
SaaO,3156,0.0,181,included
SsF,3156,0.0,409,included
SdsssP,3156,0.0,22,included
SsSH,3156,0.0,6,included
SdS,3156,0.0,40,included
SssS,3156,0.0,325,included
SaaS,3156,0.0,152,included
SdssS,3156,0.0,17,included
SddssS,3156,0.0,277,included
SsCl,3156,0.0,595,included
SsBr,3156,0.0,77,included
SsI,3156,0.0,29,included
ECIndex,3156,0.0,952,included
fragCpx,3156,0.0,773,included
fMF,3156,0.0,552,included
GeomDiameter,3156,0.0,3156,included
GeomRadius,3156,0.0,3156,included
GeomShapeIndex,3156,0.0,3156,included
GeomPetitjeanIndex,3156,0.0,3156,included
GRAV,3156,0.0,3156,included
GRAVH,3156,0.0,3156,included
GRAVp,3156,0.0,3156,included
GRAVHp,3156,0.0,3156,included
nHBAcc,3156,0.0,12,included
nHBDon,3156,0.0,7,included
IC0,3156,0.0,2207,included
IC1,3156,0.0,2941,included
IC2,3156,0.0,2795,included
IC3,3156,0.0,2287,included
IC4,3156,0.0,2094,included
IC5,3156,0.0,2062,included
TIC0,3156,0.0,2296,included
TIC1,3156,0.0,2943,included
TIC2,3156,0.0,2799,included
TIC3,3156,0.0,2282,included
TIC4,3156,0.0,2094,included
TIC5,3156,0.0,2061,included
SIC0,3156,0.0,2294,included
SIC1,3156,0.0,2945,included
SIC2,3156,0.0,2814,included
SIC3,3156,0.0,2271,included
SIC4,3156,0.0,2059,included
SIC5,3156,0.0,2028,included
BIC0,3156,0.0,2480,included
BIC1,3156,0.0,3005,included
BIC2,3156,0.0,2990,included
BIC3,3156,0.0,2811,included
BIC4,3156,0.0,2690,included
BIC5,3156,0.0,2656,included
CIC0,3156,0.0,2287,included
CIC1,3156,0.0,2934,included
CIC2,3156,0.0,2785,included
CIC3,3156,0.0,2235,included
CIC4,3156,0.0,2037,included
CIC5,3156,0.0,2006,included
MIC0,3156,0.0,2520,included
MIC1,3156,0.0,3057,included
MIC2,3156,0.0,3087,included
MIC3,3156,0.0,3043,included
MIC4,3156,0.0,3015,included
MIC5,3156,0.0,3007,included
ZMIC0,3156,0.0,2557,included
ZMIC1,3156,0.0,3059,included
ZMIC2,3156,0.0,3089,included
ZMIC3,3156,0.0,3027,included
ZMIC4,3156,0.0,2991,included
ZMIC5,3156,0.0,2981,included
Lipinski,3156,0.0,2,included
GhoseFilter,3156,0.0,2,included
FilterItLogS,3156,0.0,3040,included
VMcGowan,3156,0.0,2667,included
LabuteASA,3156,0.0,3007,included
PEOE_VSA1,3156,0.0,456,included
PEOE_VSA2,3156,0.0,209,included
PEOE_VSA3,3156,0.0,140,included
PEOE_VSA4,3156,0.0,82,included
PEOE_VSA5,3156,0.0,44,included
PEOE_VSA6,3156,0.0,510,included
PEOE_VSA7,3156,0.0,1354,included
PEOE_VSA8,3156,0.0,1316,included
PEOE_VSA9,3156,0.0,886,included
PEOE_VSA10,3156,0.0,476,included
PEOE_VSA11,3156,0.0,236,included
PEOE_VSA12,3156,0.0,131,included
PEOE_VSA13,3156,0.0,56,included
SMR_VSA1,3156,0.0,510,included
SMR_VSA2,3156,0.0,9,included
SMR_VSA3,3156,0.0,239,included
SMR_VSA4,3156,0.0,98,included
SMR_VSA5,3156,0.0,1084,included
SMR_VSA6,3156,0.0,530,included
SMR_VSA7,3156,0.0,1055,included
SMR_VSA9,3156,0.0,83,included
SlogP_VSA1,3156,0.0,221,included
SlogP_VSA2,3156,0.0,2116,included
SlogP_VSA3,3156,0.0,351,included
SlogP_VSA4,3156,0.0,131,included
SlogP_VSA5,3156,0.0,869,included
SlogP_VSA6,3156,0.0,686,included
SlogP_VSA7,3156,0.0,10,included
SlogP_VSA8,3156,0.0,118,included
SlogP_VSA10,3156,0.0,92,included
SlogP_VSA11,3156,0.0,14,included
EState_VSA1,3156,0.0,628,included
EState_VSA2,3156,0.0,1020,included
EState_VSA3,3156,0.0,996,included
EState_VSA4,3156,0.0,1190,included
EState_VSA5,3156,0.0,648,included
EState_VSA6,3156,0.0,455,included
EState_VSA7,3156,0.0,460,included
EState_VSA8,3156,0.0,1063,included
EState_VSA9,3156,0.0,249,included
EState_VSA10,3156,0.0,174,included
VSA_EState1,3156,0.0,2111,included
VSA_EState2,3156,0.0,2794,included
VSA_EState3,3156,0.0,2546,included
VSA_EState4,3156,0.0,2913,included
VSA_EState5,3156,0.0,2687,included
VSA_EState6,3156,0.0,2667,included
VSA_EState7,3156,0.0,2620,included
VSA_EState8,3156,0.0,2797,included
VSA_EState9,3156,0.0,1304,included
MOMI-X,3156,0.0,3156,included
MOMI-Y,3156,0.0,3156,included
MOMI-Z,3156,0.0,3156,included
PBF,3156,0.0,3155,included
MPC2,3156,0.0,86,included
MPC3,3156,0.0,123,included
MPC4,3156,0.0,170,included
MPC5,3156,0.0,235,included
MPC6,3156,0.0,291,included
MPC7,3156,0.0,353,included
MPC8,3156,0.0,399,included
MPC9,3156,0.0,434,included
MPC10,3156,0.0,456,included
TMPC10,3156,0.0,1318,included
piPC1,3156,0.0,120,included
piPC2,3156,0.0,355,included
piPC3,3156,0.0,851,included
piPC4,3156,0.0,1572,included
piPC5,3156,0.0,2066,included
piPC6,3156,0.0,2304,included
piPC7,3156,0.0,2458,included
piPC8,3156,0.0,2411,included
piPC9,3156,0.0,2348,included
piPC10,3156,0.0,2284,included
TpiPC10,3156,0.0,2779,included
apol,3156,0.0,2609,included
bpol,3156,0.0,2337,included
nRing,3156,0.0,10,included
n3Ring,3156,0.0,4,included
n4Ring,3156,0.0,3,included
n5Ring,3156,0.0,5,included
n6Ring,3156,0.0,8,included
n7Ring,3156,0.0,3,included
n8Ring,3156,0.0,2,included
n9Ring,3156,0.0,2,included
nG12Ring,3156,0.0,3,included
nHRing,3156,0.0,7,included
n3HRing,3156,0.0,2,included
n4HRing,3156,0.0,3,included
n5HRing,3156,0.0,5,included
n6HRing,3156,0.0,6,included
n7HRing,3156,0.0,3,included
n8HRing,3156,0.0,2,included
n9HRing,3156,0.0,2,included
nG12HRing,3156,0.0,3,included
naRing,3156,0.0,6,included
n5aRing,3156,0.0,4,included
n6aRing,3156,0.0,5,included
n7aRing,3156,0.0,2,included
naHRing,3156,0.0,5,included
n5aHRing,3156,0.0,4,included
n6aHRing,3156,0.0,5,included
n7aHRing,3156,0.0,2,included
nARing,3156,0.0,8,included
n3ARing,3156,0.0,4,included
n4ARing,3156,0.0,3,included
n5ARing,3156,0.0,5,included
n6ARing,3156,0.0,7,included
n7ARing,3156,0.0,3,included
n8ARing,3156,0.0,2,included
n9ARing,3156,0.0,2,included
nG12ARing,3156,0.0,3,included
nAHRing,3156,0.0,6,included
n3AHRing,3156,0.0,2,included
n4AHRing,3156,0.0,3,included
n5AHRing,3156,0.0,4,included
n6AHRing,3156,0.0,5,included
n7AHRing,3156,0.0,3,included
n8AHRing,3156,0.0,2,included
n9AHRing,3156,0.0,2,included
nG12AHRing,3156,0.0,3,included
nFRing,3156,0.0,3,included
n6FRing,3156,0.0,2,included
n7FRing,3156,0.0,2,included
n8FRing,3156,0.0,2,included
n9FRing,3156,0.0,3,included
n10FRing,3156,0.0,3,included
n11FRing,3156,0.0,2,included
n12FRing,3156,0.0,2,included
nG12FRing,3156,0.0,3,included
nFHRing,3156,0.0,3,included
n6FHRing,3156,0.0,2,included
n7FHRing,3156,0.0,2,included
n8FHRing,3156,0.0,2,included
n9FHRing,3156,0.0,3,included
n10FHRing,3156,0.0,3,included
n11FHRing,3156,0.0,2,included
n12FHRing,3156,0.0,2,included
nG12FHRing,3156,0.0,3,included
nFaRing,3156,0.0,3,included
n9FaRing,3156,0.0,3,included
n10FaRing,3156,0.0,3,included
n11FaRing,3156,0.0,2,included
nG12FaRing,3156,0.0,2,included
nFaHRing,3156,0.0,3,included
n9FaHRing,3156,0.0,3,included
n10FaHRing,3156,0.0,3,included
n11FaHRing,3156,0.0,2,included
nG12FaHRing,3156,0.0,2,included
nFARing,3156,0.0,3,included
n6FARing,3156,0.0,2,included
n7FARing,3156,0.0,2,included
n8FARing,3156,0.0,2,included
n9FARing,3156,0.0,3,included
n10FARing,3156,0.0,3,included
n11FARing,3156,0.0,2,included
n12FARing,3156,0.0,2,included
nG12FARing,3156,0.0,3,included
nFAHRing,3156,0.0,3,included
n6FAHRing,3156,0.0,2,included
n7FAHRing,3156,0.0,2,included
n8FAHRing,3156,0.0,2,included
n9FAHRing,3156,0.0,3,included
n10FAHRing,3156,0.0,3,included
n11FAHRing,3156,0.0,2,included
n12FAHRing,3156,0.0,2,included
nG12FAHRing,3156,0.0,3,included
nRot,3156,0.0,19,included
SLogP,3156,0.0,3032,included
SMR,3156,0.0,3074,included
TopoPSA(NO),3156,0.0,1388,included
TopoPSA,3156,0.0,1573,included
GGI1,3156,0.0,33,included
GGI2,3156,0.0,190,included
GGI3,3156,0.0,662,included
GGI4,3156,0.0,1786,included
GGI5,3156,0.0,1560,included
GGI6,3156,0.0,1766,included
GGI7,3156,0.0,1280,included
GGI8,3156,0.0,1135,included
GGI9,3156,0.0,913,included
GGI10,3156,0.0,697,included
JGI1,3156,0.0,409,included
JGI2,3156,0.0,586,included
JGI3,3156,0.0,1618,included
JGI4,3156,0.0,2288,included
JGI5,3156,0.0,2078,included
JGI6,3156,0.0,2185,included
JGI7,3156,0.0,1906,included
JGI8,3156,0.0,1742,included
JGI9,3156,0.0,1380,included
JGI10,3156,0.0,1120,included
JGT10,3156,0.0,2726,included
Diameter,3156,0.0,28,included
Radius,3156,0.0,16,included
MWC01,3156,0.0,60,included
MWC02,3156,0.0,135,included
MWC03,3156,0.0,295,included
MWC04,3156,0.0,635,included
MWC05,3156,0.0,1185,included
MWC06,3156,0.0,1856,included
MWC07,3156,0.0,2303,included
MWC08,3156,0.0,2507,included
MWC09,3156,0.0,2606,included
MWC10,3156,0.0,2637,included
TMWC10,3156,0.0,2664,included
SRW02,3156,0.0,60,included
SRW03,3156,0.0,4,included
SRW04,3156,0.0,201,included
SRW05,3156,0.0,12,included
SRW06,3156,0.0,747,included
SRW07,3156,0.0,53,included
SRW08,3156,0.0,1837,included
SRW09,3156,0.0,222,included
SRW10,3156,0.0,2485,included
TSRW10,3156,0.0,2656,included
MW,3156,0.0,2619,included
AMW,3156,0.0,2600,included
WPath,3156,0.0,1827,included
WPol,3156,0.0,97,included
Zagreb1,3156,0.0,135,included
Zagreb2,3156,0.0,295,included
mZagreb2,3156,0.0,1041,included
MACCS_8,3156,0.0,2,included
MACCS_11,3156,0.0,2,included
MACCS_13,3156,0.0,2,included
MACCS_14,3156,0.0,2,included
MACCS_15,3156,0.0,2,included
MACCS_16,3156,0.0,2,included
MACCS_17,3156,0.0,2,included
MACCS_18,3156,0.0,2,included
MACCS_19,3156,0.0,2,included
MACCS_21,3156,0.0,2,included
MACCS_22,3156,0.0,2,included
MACCS_23,3156,0.0,2,included
MACCS_24,3156,0.0,2,included
MACCS_25,3156,0.0,2,included
MACCS_26,3156,0.0,2,included
MACCS_27,3156,0.0,2,included
MACCS_28,3156,0.0,2,included
MACCS_29,3156,0.0,2,included
MACCS_30,3156,0.0,2,included
MACCS_31,3156,0.0,2,included
MACCS_32,3156,0.0,2,included
MACCS_33,3156,0.0,2,included
MACCS_34,3156,0.0,2,included
MACCS_36,3156,0.0,2,included
MACCS_37,3156,0.0,2,included
MACCS_38,3156,0.0,2,included
MACCS_39,3156,0.0,2,included
MACCS_40,3156,0.0,2,included
MACCS_41,3156,0.0,2,included
MACCS_42,3156,0.0,2,included
MACCS_43,3156,0.0,2,included
MACCS_44,3156,0.0,2,included
MACCS_45,3156,0.0,2,included
MACCS_46,3156,0.0,2,included
MACCS_47,3156,0.0,2,included
MACCS_48,3156,0.0,2,included
MACCS_49,3156,0.0,2,included
MACCS_50,3156,0.0,2,included
MACCS_51,3156,0.0,2,included
MACCS_52,3156,0.0,2,included
MACCS_53,3156,0.0,2,included
MACCS_54,3156,0.0,2,included
MACCS_55,3156,0.0,2,included
MACCS_56,3156,0.0,2,included
MACCS_57,3156,0.0,2,included
MACCS_58,3156,0.0,2,included
MACCS_59,3156,0.0,2,included
MACCS_60,3156,0.0,2,included
MACCS_61,3156,0.0,2,included
MACCS_62,3156,0.0,2,included
MACCS_63,3156,0.0,2,included
MACCS_64,3156,0.0,2,included
MACCS_65,3156,0.0,2,included
MACCS_66,3156,0.0,2,included
MACCS_67,3156,0.0,2,included
MACCS_68,3156,0.0,2,included
MACCS_69,3156,0.0,2,included
MACCS_70,3156,0.0,2,included
MACCS_71,3156,0.0,2,included
MACCS_72,3156,0.0,2,included
MACCS_73,3156,0.0,2,included
MACCS_74,3156,0.0,2,included
MACCS_75,3156,0.0,2,included
MACCS_76,3156,0.0,2,included
MACCS_77,3156,0.0,2,included
MACCS_78,3156,0.0,2,included
MACCS_79,3156,0.0,2,included
MACCS_80,3156,0.0,2,included
MACCS_81,3156,0.0,2,included
MACCS_82,3156,0.0,2,included
MACCS_83,3156,0.0,2,included
MACCS_84,3156,0.0,2,included
MACCS_85,3156,0.0,2,included
MACCS_86,3156,0.0,2,included
MACCS_87,3156,0.0,2,included
MACCS_88,3156,0.0,2,included
MACCS_89,3156,0.0,2,included
MACCS_90,3156,0.0,2,included
MACCS_91,3156,0.0,2,included
MACCS_92,3156,0.0,2,included
MACCS_93,3156,0.0,2,included
MACCS_94,3156,0.0,2,included
MACCS_95,3156,0.0,2,included
MACCS_96,3156,0.0,2,included
MACCS_97,3156,0.0,2,included
MACCS_98,3156,0.0,2,included
MACCS_99,3156,0.0,2,included
MACCS_100,3156,0.0,2,included
MACCS_101,3156,0.0,2,included
MACCS_102,3156,0.0,2,included
MACCS_103,3156,0.0,2,included
MACCS_104,3156,0.0,2,included
MACCS_105,3156,0.0,2,included
MACCS_106,3156,0.0,2,included
MACCS_107,3156,0.0,2,included
MACCS_108,3156,0.0,2,included
MACCS_109,3156,0.0,2,included
MACCS_110,3156,0.0,2,included
MACCS_111,3156,0.0,2,included
MACCS_112,3156,0.0,2,included
MACCS_113,3156,0.0,2,included
MACCS_114,3156,0.0,2,included
MACCS_115,3156,0.0,2,included
MACCS_116,3156,0.0,2,included
MACCS_117,3156,0.0,2,included
MACCS_118,3156,0.0,2,included
MACCS_119,3156,0.0,2,included
MACCS_120,3156,0.0,2,included
MACCS_121,3156,0.0,2,included
MACCS_122,3156,0.0,2,included
MACCS_123,3156,0.0,2,included
MACCS_124,3156,0.0,2,included
MACCS_125,3156,0.0,2,included
MACCS_126,3156,0.0,2,included
MACCS_127,3156,0.0,2,included
MACCS_128,3156,0.0,2,included
MACCS_129,3156,0.0,2,included
MACCS_130,3156,0.0,2,included
MACCS_131,3156,0.0,2,included
MACCS_132,3156,0.0,2,included
MACCS_133,3156,0.0,2,included
MACCS_134,3156,0.0,2,included
MACCS_135,3156,0.0,2,included
MACCS_136,3156,0.0,2,included
MACCS_137,3156,0.0,2,included
MACCS_138,3156,0.0,2,included
MACCS_139,3156,0.0,2,included
MACCS_140,3156,0.0,2,included
MACCS_141,3156,0.0,2,included
MACCS_142,3156,0.0,2,included
MACCS_143,3156,0.0,2,included
MACCS_144,3156,0.0,2,included
MACCS_145,3156,0.0,2,included
MACCS_146,3156,0.0,2,included
MACCS_147,3156,0.0,2,included
MACCS_148,3156,0.0,2,included
MACCS_149,3156,0.0,2,included
MACCS_150,3156,0.0,2,included
MACCS_151,3156,0.0,2,included
MACCS_152,3156,0.0,2,included
MACCS_153,3156,0.0,2,included
MACCS_154,3156,0.0,2,included
MACCS_155,3156,0.0,2,included
MACCS_156,3156,0.0,2,included
MACCS_157,3156,0.0,2,included
MACCS_158,3156,0.0,2,included
MACCS_159,3156,0.0,2,included
MACCS_160,3156,0.0,2,included
MACCS_161,3156,0.0,2,included
MACCS_162,3156,0.0,2,included
MACCS_163,3156,0.0,2,included
MACCS_164,3156,0.0,2,included
MACCS_165,3156,0.0,2,included
MACCS_166,3156,0.0,2,included
