scope,cluster_id,algorithmic_medoid,selected_representative,representative_feature
final,1,MZ,MZ,MZ
final,2,Mare,Mare,Mare
final,3,AATS1d,AATS1d,AATS1d
final,4,AATS2dv,AATS2dv,AATS2dv
final,5,Mi,Mi,Mi
final,6,Mp,Mp,Mp
final,7,AATSC0are,AATSC0are,AATSC0are
final,8,AATS0v,AATS0v,AATS0v
final,9,AATS4se,AATS4se,AATS4se
final,10,AATS4Z,AATS4Z,AATS4Z
final,11,AATS3v,AATS3v,AATS3v
final,12,AATS3i,AATS3i,AATS3i
final,13,AATS4d,AATS4d,AATS4d
final,14,AATS4i,AATS4i,AATS4i
final,15,AATS4p,AATS4p,AATS4p
final,16,AATS5m,AATS5m,AATS5m
final,17,AATS5are,AATS5are,AATS5are
final,18,AATS6m,AATS6m,AATS6m
final,19,AATS6v,AATS6v,AATS6v
final,20,AATS6i,AATS6i,AATS6i
final,21,AATS6p,AATS6p,AATS6p
final,22,AATS7are,AATS7are,AATS7are
final,23,AATS7v,AATS7v,AATS7v
final,24,AATS7i,AATS7i,AATS7i
final,25,AATS8m,AATS8m,AATS8m
final,26,AATS8are,AATS8are,AATS8are
final,27,AATS8v,AATS8v,AATS8v
final,28,AATS8i,AATS8i,AATS8i
final,29,AATSC0m,AATSC0m,AATSC0m
final,30,RPSA,RPSA,RPSA
final,31,AATSC0d,AATSC0d,AATSC0d
final,32,AATSC0i,AATSC0i,AATSC0i
final,33,BCUTp-1h,BCUTp-1h,BCUTp-1h
final,34,ETA_dPsi_A,ETA_dPsi_A,ETA_dPsi_A
final,35,AATSC1Z,AATSC1Z,AATSC1Z
final,36,MATS1pe,MATS1pe,MATS1pe
final,37,AATSC1d,AATSC1d,AATSC1d
final,38,AATSC1dv,AATSC1dv,AATSC1dv
final,39,AATSC1i,AATSC1i,AATSC1i
final,40,AATSC1p,AATSC1p,AATSC1p
final,41,AATSC1s,AATSC1s,AATSC1s
final,42,AATSC1v,AATSC1v,AATSC1v
final,43,AATSC2Z,AATSC2Z,AATSC2Z
final,44,AATSC2are,AATSC2are,AATSC2are
final,45,AATSC2c,AATSC2c,AATSC2c
final,46,AATSC2d,AATSC2d,AATSC2d
final,47,MATS2dv,MATS2dv,MATS2dv
final,48,MATS2i,MATS2i,MATS2i
final,49,AATSC2v,AATSC2v,AATSC2v
final,50,AATSC2s,AATSC2s,AATSC2s
final,51,AATSC3m,AATSC3m,AATSC3m
final,52,AATSC3are,AATSC3are,AATSC3are
final,53,AATSC3c,AATSC3c,AATSC3c
final,54,AATSC3d,AATSC3d,AATSC3d
final,55,MATS3dv,MATS3dv,MATS3dv
final,56,AATSC3i,AATSC3i,AATSC3i
final,57,AATSC3p,AATSC3p,AATSC3p
final,58,AATSC3s,AATSC3s,AATSC3s
final,59,AATSC3v,AATSC3v,AATSC3v
final,60,MATS4Z,MATS4Z,MATS4Z
final,61,AATSC4are,AATSC4are,AATSC4are
final,62,AATSC4c,AATSC4c,AATSC4c
final,63,AATSC4d,AATSC4d,AATSC4d
final,64,MATS4dv,MATS4dv,MATS4dv
final,65,AATSC4i,AATSC4i,AATSC4i
final,66,MATS4p,MATS4p,MATS4p
final,67,AATSC4s,AATSC4s,AATSC4s
final,68,AATSC4v,AATSC4v,AATSC4v
final,69,AATSC5m,AATSC5m,AATSC5m
final,70,AATSC5are,AATSC5are,AATSC5are
final,71,AATSC5c,AATSC5c,AATSC5c
final,72,AATSC5d,AATSC5d,AATSC5d
final,73,AATSC5dv,AATSC5dv,AATSC5dv
final,74,AATSC5i,AATSC5i,AATSC5i
final,75,AATSC5p,AATSC5p,AATSC5p
final,76,AATSC5s,AATSC5s,AATSC5s
final,77,AATSC5v,AATSC5v,AATSC5v
final,78,MATS6Z,MATS6Z,MATS6Z
final,79,AATSC6are,AATSC6are,AATSC6are
final,80,AATSC6c,AATSC6c,AATSC6c
final,81,AATSC6d,AATSC6d,AATSC6d
final,82,MATS6dv,MATS6dv,MATS6dv
final,83,AATSC6i,AATSC6i,AATSC6i
final,84,AATSC6p,AATSC6p,AATSC6p
final,85,AATSC6s,AATSC6s,AATSC6s
final,86,AATSC6v,AATSC6v,AATSC6v
final,87,MATS7Z,MATS7Z,MATS7Z
final,88,AATSC7are,AATSC7are,AATSC7are
final,89,AATSC7c,AATSC7c,AATSC7c
final,90,AATSC7d,AATSC7d,AATSC7d
final,91,MATS7dv,MATS7dv,MATS7dv
final,92,MATS7i,MATS7i,MATS7i
final,93,MATS7p,MATS7p,MATS7p
final,94,AATSC7s,AATSC7s,AATSC7s
final,95,AATSC7v,AATSC7v,AATSC7v
final,96,MATS8Z,MATS8Z,MATS8Z
final,97,AATSC8are,AATSC8are,AATSC8are
final,98,AATSC8c,AATSC8c,AATSC8c
final,99,AATSC8d,AATSC8d,AATSC8d
final,100,AATSC8dv,AATSC8dv,AATSC8dv
final,101,AATSC8i,AATSC8i,AATSC8i
final,102,AATSC8p,AATSC8p,AATSC8p
final,103,AATSC8s,AATSC8s,AATSC8s
final,104,AATSC8v,AATSC8v,AATSC8v
final,105,HybRatio,HybRatio,HybRatio
final,106,ETA_beta_ns_d,ETA_beta_ns_d,ETA_beta_ns_d
final,107,AETA_beta_s,AETA_beta_s,AETA_beta_s
final,108,AETA_eta,AETA_eta,AETA_eta
final,109,AETA_eta_B,AETA_eta_B,AETA_eta_B
final,110,AETA_eta_F,AETA_eta_F,AETA_eta_F
final,111,AETA_eta_L,AETA_eta_L,AETA_eta_L
final,112,Xpc-4d,Xpc-4d,Xpc-4d
final,113,AMID,AMID,AMID
final,114,ETA_dEpsilon_C,ETA_dEpsilon_C,ETA_dEpsilon_C
final,115,AMID_N,AMID_N,AMID_N
final,116,AMID_O,AMID_O,AMID_O
final,117,MACCS_134,MACCS_134,MACCS_134
final,118,ATS0Z,ATS0Z,ATS0Z
final,119,ATS2se,ATS2se,ATS2se
final,120,VR1_Dzp,VR1_Dzp,VR1_Dzp
final,121,ATS0dv,ATS0dv,ATS0dv
final,122,ATS1p,ATS1p,ATS1p
final,123,ATSC0s,ATSC0s,ATSC0s
final,124,SM1_Dzpe,SM1_Dzpe,SM1_Dzpe
final,125,ATSC0c,ATSC0c,ATSC0c
final,126,ATSC1are,ATSC1are,ATSC1are
final,127,MWC08,MWC08,MWC08
final,128,ATSC1dv,ATSC1dv,ATSC1dv
final,129,ATSC3d,ATSC3d,ATSC3d
final,130,ATSC3v,ATSC3v,ATSC3v
final,131,ATSC8v,ATSC8v,ATSC8v
final,132,AXp-1dv,AXp-1dv,AXp-1dv
final,133,AXp-1d,AXp-1d,AXp-1d
final,134,AXp-2d,AXp-2d,AXp-2d
final,135,AXp-5dv,AXp-5dv,AXp-5dv
final,136,AXp-6d,AXp-6d,AXp-6d
final,137,BCUTm-1h,BCUTm-1h,BCUTm-1h
final,138,BCUTm-1l,BCUTm-1l,BCUTm-1l
final,139,BCUTpe-1h,BCUTpe-1h,BCUTpe-1h
final,140,BCUTare-1l,BCUTare-1l,BCUTare-1l
final,141,BCUTc-1h,BCUTc-1h,BCUTc-1h
final,142,BCUTc-1l,BCUTc-1l,BCUTc-1l
final,143,ETA_shape_x,ETA_shape_x,ETA_shape_x
final,144,BCUTd-1l,BCUTd-1l,BCUTd-1l
final,145,BCUTdv-1l,BCUTdv-1l,BCUTdv-1l
final,146,BCUTi-1h,BCUTi-1h,BCUTi-1h
final,147,BCUTs-1l,BCUTs-1l,BCUTs-1l
final,148,CIC1,CIC1,CIC1
final,149,SIC2,SIC2,SIC2
final,150,SIC3,SIC3,SIC3
final,151,SIC4,SIC4,SIC4
final,152,BalabanJ,BalabanJ,BalabanJ
final,153,ETA_beta,ETA_beta,ETA_beta
final,154,ECFP_674,ECFP_674,ECFP_674
final,155,C1SP2,C1SP2,C1SP2
final,156,C1SP3,C1SP3,C1SP3
final,157,C2SP1,C2SP1,C2SP1
final,158,nBondsM,nBondsM,nBondsM
final,159,SMR_VSA5,SMR_VSA5,SMR_VSA5
final,160,C3SP3,C3SP3,C3SP3
final,161,C4SP3,C4SP3,C4SP3
final,162,FPSA1,FPSA1,FPSA1
final,163,SpAD_Dzv,SpAD_Dzv,SpAD_Dzv
final,164,PNSA3,PNSA3,PNSA3
final,165,SpMAD_D,SpMAD_D,SpMAD_D
final,166,ECFP_0,ECFP_0,ECFP_0
final,167,ECFP_1,ECFP_1,ECFP_1
final,168,ECFP_10,ECFP_10,ECFP_10
final,169,ECFP_100,ECFP_100,ECFP_100
final,170,ECFP_1000,ECFP_1000,ECFP_1000
final,171,ECFP_1003,ECFP_1003,ECFP_1003
final,172,ECFP_1004,ECFP_1004,ECFP_1004
final,173,ECFP_1005,ECFP_1005,ECFP_1005
final,174,ECFP_1006,ECFP_1006,ECFP_1006
final,175,ECFP_1007,ECFP_1007,ECFP_1007
final,176,ECFP_1008,ECFP_1008,ECFP_1008
final,177,ECFP_1009,ECFP_1009,ECFP_1009
final,178,ECFP_101,ECFP_101,ECFP_101
final,179,ECFP_1010,ECFP_1010,ECFP_1010
final,180,ECFP_1011,ECFP_1011,ECFP_1011
final,181,ECFP_1012,ECFP_1012,ECFP_1012
final,182,ECFP_1013,ECFP_1013,ECFP_1013
final,183,ECFP_1014,ECFP_1014,ECFP_1014
final,184,ECFP_1015,ECFP_1015,ECFP_1015
final,185,ECFP_1016,ECFP_1016,ECFP_1016
final,186,ECFP_1017,ECFP_1017,ECFP_1017
final,187,ECFP_1018,ECFP_1018,ECFP_1018
final,188,ECFP_1019,ECFP_1019,ECFP_1019
final,189,ECFP_102,ECFP_102,ECFP_102
final,190,ECFP_1020,ECFP_1020,ECFP_1020
final,191,ECFP_1021,ECFP_1021,ECFP_1021
final,192,ECFP_1022,ECFP_1022,ECFP_1022
final,193,ECFP_1023,ECFP_1023,ECFP_1023
final,194,ECFP_1024,ECFP_1024,ECFP_1024
final,195,ECFP_1025,ECFP_1025,ECFP_1025
final,196,ECFP_1026,ECFP_1026,ECFP_1026
final,197,ECFP_1027,ECFP_1027,ECFP_1027
final,198,ECFP_1028,ECFP_1028,ECFP_1028
final,199,ECFP_1029,ECFP_1029,ECFP_1029
final,200,ECFP_103,ECFP_103,ECFP_103
final,201,ECFP_1030,ECFP_1030,ECFP_1030
final,202,ECFP_1031,ECFP_1031,ECFP_1031
final,203,ECFP_1032,ECFP_1032,ECFP_1032
final,204,ECFP_1033,ECFP_1033,ECFP_1033
final,205,ECFP_1034,ECFP_1034,ECFP_1034
final,206,ECFP_1035,ECFP_1035,ECFP_1035
final,207,ECFP_1036,ECFP_1036,ECFP_1036
final,208,ECFP_1037,ECFP_1037,ECFP_1037
final,209,ECFP_1038,ECFP_1038,ECFP_1038
final,210,ECFP_1039,ECFP_1039,ECFP_1039
final,211,ECFP_104,ECFP_104,ECFP_104
final,212,ECFP_1040,ECFP_1040,ECFP_1040
final,213,ECFP_1041,ECFP_1041,ECFP_1041
final,214,ECFP_1042,ECFP_1042,ECFP_1042
final,215,ECFP_1043,ECFP_1043,ECFP_1043
final,216,ECFP_1044,ECFP_1044,ECFP_1044
final,217,ECFP_1045,ECFP_1045,ECFP_1045
final,218,ECFP_1046,ECFP_1046,ECFP_1046
final,219,ECFP_1047,ECFP_1047,ECFP_1047
final,220,ECFP_1048,ECFP_1048,ECFP_1048
final,221,ECFP_1049,ECFP_1049,ECFP_1049
final,222,ECFP_105,ECFP_105,ECFP_105
final,223,ECFP_1050,ECFP_1050,ECFP_1050
final,224,ECFP_1051,ECFP_1051,ECFP_1051
final,225,ECFP_1052,ECFP_1052,ECFP_1052
final,226,ECFP_1053,ECFP_1053,ECFP_1053
final,227,ECFP_1054,ECFP_1054,ECFP_1054
final,228,ECFP_1055,ECFP_1055,ECFP_1055
final,229,ECFP_1056,ECFP_1056,ECFP_1056
final,230,ECFP_1057,ECFP_1057,ECFP_1057
final,231,ECFP_1058,ECFP_1058,ECFP_1058
final,232,ECFP_1059,ECFP_1059,ECFP_1059
final,233,ECFP_106,ECFP_106,ECFP_106
final,234,ECFP_1060,ECFP_1060,ECFP_1060
final,235,ECFP_1061,ECFP_1061,ECFP_1061
final,236,ECFP_1062,ECFP_1062,ECFP_1062
final,237,ECFP_698,ECFP_698,ECFP_698
final,238,ECFP_1064,ECFP_1064,ECFP_1064
final,239,ECFP_1065,ECFP_1065,ECFP_1065
final,240,ECFP_1066,ECFP_1066,ECFP_1066
final,241,ECFP_1067,ECFP_1067,ECFP_1067
final,242,ECFP_1068,ECFP_1068,ECFP_1068
final,243,ECFP_1069,ECFP_1069,ECFP_1069
final,244,ECFP_107,ECFP_107,ECFP_107
final,245,ECFP_1070,ECFP_1070,ECFP_1070
final,246,ECFP_1071,ECFP_1071,ECFP_1071
final,247,ECFP_1072,ECFP_1072,ECFP_1072
final,248,ECFP_1073,ECFP_1073,ECFP_1073
final,249,ECFP_1074,ECFP_1074,ECFP_1074
final,250,ECFP_1075,ECFP_1075,ECFP_1075
final,251,ECFP_1076,ECFP_1076,ECFP_1076
final,252,ECFP_1077,ECFP_1077,ECFP_1077
final,253,ECFP_1078,ECFP_1078,ECFP_1078
final,254,ECFP_1079,ECFP_1079,ECFP_1079
final,255,ECFP_108,ECFP_108,ECFP_108
final,256,ECFP_1080,ECFP_1080,ECFP_1080
final,257,ECFP_1081,ECFP_1081,ECFP_1081
final,258,ECFP_1082,ECFP_1082,ECFP_1082
final,259,ECFP_1083,ECFP_1083,ECFP_1083
final,260,ECFP_1084,ECFP_1084,ECFP_1084
final,261,ECFP_1085,ECFP_1085,ECFP_1085
final,262,ECFP_1086,ECFP_1086,ECFP_1086
final,263,ECFP_1087,ECFP_1087,ECFP_1087
final,264,ECFP_1088,ECFP_1088,ECFP_1088
final,265,ECFP_1089,ECFP_1089,ECFP_1089
final,266,ECFP_109,ECFP_109,ECFP_109
final,267,ECFP_1090,ECFP_1090,ECFP_1090
final,268,ECFP_1091,ECFP_1091,ECFP_1091
final,269,ECFP_1092,ECFP_1092,ECFP_1092
final,270,ECFP_1093,ECFP_1093,ECFP_1093
final,271,ECFP_1094,ECFP_1094,ECFP_1094
final,272,ECFP_1095,ECFP_1095,ECFP_1095
final,273,ECFP_1096,ECFP_1096,ECFP_1096
final,274,ECFP_1097,ECFP_1097,ECFP_1097
final,275,ECFP_1098,ECFP_1098,ECFP_1098
final,276,ECFP_1099,ECFP_1099,ECFP_1099
final,277,ECFP_11,ECFP_11,ECFP_11
final,278,ECFP_110,ECFP_110,ECFP_110
final,279,ECFP_1100,ECFP_1100,ECFP_1100
final,280,ECFP_1101,ECFP_1101,ECFP_1101
final,281,ECFP_1102,ECFP_1102,ECFP_1102
final,282,ECFP_1103,ECFP_1103,ECFP_1103
final,283,ECFP_1104,ECFP_1104,ECFP_1104
final,284,ECFP_1105,ECFP_1105,ECFP_1105
final,285,ECFP_1106,ECFP_1106,ECFP_1106
final,286,ECFP_1107,ECFP_1107,ECFP_1107
final,287,ECFP_1108,ECFP_1108,ECFP_1108
final,288,ECFP_1109,ECFP_1109,ECFP_1109
final,289,ECFP_111,ECFP_111,ECFP_111
final,290,ECFP_1110,ECFP_1110,ECFP_1110
final,291,ECFP_1842,ECFP_1842,ECFP_1842
final,292,ECFP_1112,ECFP_1112,ECFP_1112
final,293,ECFP_1113,ECFP_1113,ECFP_1113
final,294,ECFP_1114,ECFP_1114,ECFP_1114
final,295,ECFP_1115,ECFP_1115,ECFP_1115
final,296,ECFP_1116,ECFP_1116,ECFP_1116
final,297,ECFP_1118,ECFP_1118,ECFP_1118
final,298,ECFP_1119,ECFP_1119,ECFP_1119
final,299,ECFP_112,ECFP_112,ECFP_112
final,300,ECFP_1120,ECFP_1120,ECFP_1120
final,301,ECFP_1121,ECFP_1121,ECFP_1121
final,302,ECFP_137,ECFP_137,ECFP_137
final,303,ECFP_1123,ECFP_1123,ECFP_1123
final,304,ECFP_1124,ECFP_1124,ECFP_1124
final,305,ECFP_1125,ECFP_1125,ECFP_1125
final,306,ECFP_1126,ECFP_1126,ECFP_1126
final,307,ECFP_1127,ECFP_1127,ECFP_1127
final,308,ECFP_1128,ECFP_1128,ECFP_1128
final,309,ECFP_1129,ECFP_1129,ECFP_1129
final,310,ECFP_113,ECFP_113,ECFP_113
final,311,ECFP_1130,ECFP_1130,ECFP_1130
final,312,ECFP_1132,ECFP_1132,ECFP_1132
final,313,ECFP_1133,ECFP_1133,ECFP_1133
final,314,ECFP_1134,ECFP_1134,ECFP_1134
final,315,ECFP_1135,ECFP_1135,ECFP_1135
final,316,ECFP_1136,ECFP_1136,ECFP_1136
final,317,ECFP_1138,ECFP_1138,ECFP_1138
final,318,ECFP_1139,ECFP_1139,ECFP_1139
final,319,ECFP_114,ECFP_114,ECFP_114
final,320,ECFP_1140,ECFP_1140,ECFP_1140
final,321,ECFP_1141,ECFP_1141,ECFP_1141
final,322,ECFP_1142,ECFP_1142,ECFP_1142
final,323,ECFP_1143,ECFP_1143,ECFP_1143
final,324,ECFP_1144,ECFP_1144,ECFP_1144
final,325,ECFP_1145,ECFP_1145,ECFP_1145
final,326,ECFP_1146,ECFP_1146,ECFP_1146
final,327,ECFP_1147,ECFP_1147,ECFP_1147
final,328,ECFP_1148,ECFP_1148,ECFP_1148
final,329,ECFP_1149,ECFP_1149,ECFP_1149
final,330,ECFP_115,ECFP_115,ECFP_115
final,331,ECFP_1150,ECFP_1150,ECFP_1150
final,332,ECFP_1151,ECFP_1151,ECFP_1151
final,333,ECFP_1152,ECFP_1152,ECFP_1152
final,334,ECFP_1153,ECFP_1153,ECFP_1153
final,335,ECFP_1154,ECFP_1154,ECFP_1154
final,336,ECFP_1155,ECFP_1155,ECFP_1155
final,337,ECFP_1156,ECFP_1156,ECFP_1156
final,338,ECFP_1157,ECFP_1157,ECFP_1157
final,339,ECFP_1158,ECFP_1158,ECFP_1158
final,340,ECFP_1159,ECFP_1159,ECFP_1159
final,341,ECFP_116,ECFP_116,ECFP_116
final,342,ECFP_1160,ECFP_1160,ECFP_1160
final,343,ECFP_1161,ECFP_1161,ECFP_1161
final,344,ECFP_1162,ECFP_1162,ECFP_1162
final,345,ECFP_881,ECFP_881,ECFP_881
final,346,ECFP_1164,ECFP_1164,ECFP_1164
final,347,ECFP_1165,ECFP_1165,ECFP_1165
final,348,ECFP_1166,ECFP_1166,ECFP_1166
final,349,ECFP_1167,ECFP_1167,ECFP_1167
final,350,ECFP_1168,ECFP_1168,ECFP_1168
final,351,ECFP_1169,ECFP_1169,ECFP_1169
final,352,ECFP_117,ECFP_117,ECFP_117
final,353,ECFP_1170,ECFP_1170,ECFP_1170
final,354,NsNH2,NsNH2,NsNH2
final,355,ECFP_1172,ECFP_1172,ECFP_1172
final,356,ECFP_1173,ECFP_1173,ECFP_1173
final,357,ECFP_1174,ECFP_1174,ECFP_1174
final,358,ECFP_1175,ECFP_1175,ECFP_1175
final,359,ECFP_1176,ECFP_1176,ECFP_1176
final,360,ECFP_1177,ECFP_1177,ECFP_1177
final,361,ECFP_1178,ECFP_1178,ECFP_1178
final,362,ECFP_1179,ECFP_1179,ECFP_1179
final,363,ECFP_118,ECFP_118,ECFP_118
final,364,ECFP_1180,ECFP_1180,ECFP_1180
final,365,ECFP_1181,ECFP_1181,ECFP_1181
final,366,ECFP_1182,ECFP_1182,ECFP_1182
final,367,ECFP_1183,ECFP_1183,ECFP_1183
final,368,ECFP_1184,ECFP_1184,ECFP_1184
final,369,ECFP_1185,ECFP_1185,ECFP_1185
final,370,ECFP_1186,ECFP_1186,ECFP_1186
final,371,ECFP_1187,ECFP_1187,ECFP_1187
final,372,ECFP_1188,ECFP_1188,ECFP_1188
final,373,ECFP_1189,ECFP_1189,ECFP_1189
final,374,ECFP_119,ECFP_119,ECFP_119
final,375,ECFP_1190,ECFP_1190,ECFP_1190
final,376,ECFP_1191,ECFP_1191,ECFP_1191
final,377,ECFP_1192,ECFP_1192,ECFP_1192
final,378,ECFP_1193,ECFP_1193,ECFP_1193
final,379,ECFP_1194,ECFP_1194,ECFP_1194
final,380,ECFP_1195,ECFP_1195,ECFP_1195
final,381,ECFP_1196,ECFP_1196,ECFP_1196
final,382,ECFP_1197,ECFP_1197,ECFP_1197
final,383,ECFP_1198,ECFP_1198,ECFP_1198
final,384,ECFP_1199,ECFP_1199,ECFP_1199
final,385,ECFP_12,ECFP_12,ECFP_12
final,386,ECFP_120,ECFP_120,ECFP_120
final,387,ECFP_1200,ECFP_1200,ECFP_1200
final,388,ECFP_1201,ECFP_1201,ECFP_1201
final,389,ECFP_1202,ECFP_1202,ECFP_1202
final,390,ECFP_1203,ECFP_1203,ECFP_1203
final,391,ECFP_1204,ECFP_1204,ECFP_1204
final,392,ECFP_1205,ECFP_1205,ECFP_1205
final,393,ECFP_1206,ECFP_1206,ECFP_1206
final,394,ECFP_1207,ECFP_1207,ECFP_1207
final,395,ECFP_1208,ECFP_1208,ECFP_1208
final,396,ECFP_1209,ECFP_1209,ECFP_1209
final,397,ECFP_121,ECFP_121,ECFP_121
final,398,ECFP_1210,ECFP_1210,ECFP_1210
final,399,ECFP_1211,ECFP_1211,ECFP_1211
final,400,ECFP_1212,ECFP_1212,ECFP_1212
final,401,ECFP_1213,ECFP_1213,ECFP_1213
final,402,ECFP_1214,ECFP_1214,ECFP_1214
final,403,ECFP_1215,ECFP_1215,ECFP_1215
final,404,ECFP_1216,ECFP_1216,ECFP_1216
final,405,ECFP_1217,ECFP_1217,ECFP_1217
final,406,ECFP_1218,ECFP_1218,ECFP_1218
final,407,ECFP_1219,ECFP_1219,ECFP_1219
final,408,ECFP_122,ECFP_122,ECFP_122
final,409,ECFP_1220,ECFP_1220,ECFP_1220
final,410,ECFP_1221,ECFP_1221,ECFP_1221
final,411,ECFP_1222,ECFP_1222,ECFP_1222
final,412,ECFP_1223,ECFP_1223,ECFP_1223
final,413,ECFP_1224,ECFP_1224,ECFP_1224
final,414,ECFP_1225,ECFP_1225,ECFP_1225
final,415,ECFP_1226,ECFP_1226,ECFP_1226
final,416,ECFP_1227,ECFP_1227,ECFP_1227
final,417,ECFP_1228,ECFP_1228,ECFP_1228
final,418,ECFP_123,ECFP_123,ECFP_123
final,419,ECFP_1231,ECFP_1231,ECFP_1231
final,420,ECFP_1232,ECFP_1232,ECFP_1232
final,421,ECFP_1233,ECFP_1233,ECFP_1233
final,422,ECFP_1234,ECFP_1234,ECFP_1234
final,423,ECFP_1235,ECFP_1235,ECFP_1235
final,424,ECFP_1236,ECFP_1236,ECFP_1236
final,425,ECFP_1237,ECFP_1237,ECFP_1237
final,426,ECFP_1238,ECFP_1238,ECFP_1238
final,427,ECFP_1239,ECFP_1239,ECFP_1239
final,428,ECFP_124,ECFP_124,ECFP_124
final,429,ECFP_1240,ECFP_1240,ECFP_1240
final,430,ECFP_1241,ECFP_1241,ECFP_1241
final,431,ECFP_1242,ECFP_1242,ECFP_1242
final,432,ECFP_1243,ECFP_1243,ECFP_1243
final,433,ECFP_1244,ECFP_1244,ECFP_1244
final,434,ECFP_1245,ECFP_1245,ECFP_1245
final,435,ECFP_1246,ECFP_1246,ECFP_1246
final,436,ECFP_1247,ECFP_1247,ECFP_1247
final,437,ECFP_1248,ECFP_1248,ECFP_1248
final,438,ECFP_1249,ECFP_1249,ECFP_1249
final,439,ECFP_125,ECFP_125,ECFP_125
final,440,ECFP_1250,ECFP_1250,ECFP_1250
final,441,ECFP_1251,ECFP_1251,ECFP_1251
final,442,ECFP_150,ECFP_150,ECFP_150
final,443,ECFP_1253,ECFP_1253,ECFP_1253
final,444,ECFP_1254,ECFP_1254,ECFP_1254
final,445,ECFP_1255,ECFP_1255,ECFP_1255
final,446,ECFP_1256,ECFP_1256,ECFP_1256
final,447,ECFP_1257,ECFP_1257,ECFP_1257
final,448,ECFP_1258,ECFP_1258,ECFP_1258
final,449,ECFP_1259,ECFP_1259,ECFP_1259
final,450,ECFP_126,ECFP_126,ECFP_126
final,451,ECFP_1260,ECFP_1260,ECFP_1260
final,452,ECFP_1261,ECFP_1261,ECFP_1261
final,453,ECFP_1262,ECFP_1262,ECFP_1262
final,454,ECFP_1263,ECFP_1263,ECFP_1263
final,455,ECFP_1265,ECFP_1265,ECFP_1265
final,456,ECFP_1266,ECFP_1266,ECFP_1266
final,457,ECFP_1267,ECFP_1267,ECFP_1267
final,458,ECFP_1268,ECFP_1268,ECFP_1268
final,459,ECFP_1269,ECFP_1269,ECFP_1269
final,460,ECFP_127,ECFP_127,ECFP_127
final,461,ECFP_1270,ECFP_1270,ECFP_1270
final,462,ECFP_1271,ECFP_1271,ECFP_1271
final,463,ECFP_1272,ECFP_1272,ECFP_1272
final,464,ECFP_1273,ECFP_1273,ECFP_1273
final,465,ECFP_1274,ECFP_1274,ECFP_1274
final,466,ECFP_1275,ECFP_1275,ECFP_1275
final,467,ECFP_1276,ECFP_1276,ECFP_1276
final,468,ECFP_1278,ECFP_1278,ECFP_1278
final,469,ECFP_1279,ECFP_1279,ECFP_1279
final,470,ECFP_128,ECFP_128,ECFP_128
final,471,ECFP_1280,ECFP_1280,ECFP_1280
final,472,ECFP_1281,ECFP_1281,ECFP_1281
final,473,ECFP_1282,ECFP_1282,ECFP_1282
final,474,ECFP_1283,ECFP_1283,ECFP_1283
final,475,ECFP_1284,ECFP_1284,ECFP_1284
final,476,ECFP_1285,ECFP_1285,ECFP_1285
final,477,ECFP_1286,ECFP_1286,ECFP_1286
final,478,ECFP_1287,ECFP_1287,ECFP_1287
final,479,ECFP_1288,ECFP_1288,ECFP_1288
final,480,ECFP_1289,ECFP_1289,ECFP_1289
final,481,ECFP_129,ECFP_129,ECFP_129
final,482,ECFP_1290,ECFP_1290,ECFP_1290
final,483,ECFP_1291,ECFP_1291,ECFP_1291
final,484,ECFP_1292,ECFP_1292,ECFP_1292
final,485,ECFP_1293,ECFP_1293,ECFP_1293
final,486,ECFP_1294,ECFP_1294,ECFP_1294
final,487,ECFP_1295,ECFP_1295,ECFP_1295
final,488,ECFP_1296,ECFP_1296,ECFP_1296
final,489,ECFP_1297,ECFP_1297,ECFP_1297
final,490,ECFP_1298,ECFP_1298,ECFP_1298
final,491,ECFP_1299,ECFP_1299,ECFP_1299
final,492,ECFP_13,ECFP_13,ECFP_13
final,493,ECFP_130,ECFP_130,ECFP_130
final,494,ECFP_1300,ECFP_1300,ECFP_1300
final,495,ECFP_1301,ECFP_1301,ECFP_1301
final,496,ECFP_1302,ECFP_1302,ECFP_1302
final,497,ECFP_1303,ECFP_1303,ECFP_1303
final,498,ECFP_1304,ECFP_1304,ECFP_1304
final,499,ECFP_1305,ECFP_1305,ECFP_1305
final,500,ECFP_1306,ECFP_1306,ECFP_1306
final,501,ECFP_1307,ECFP_1307,ECFP_1307
final,502,ECFP_1308,ECFP_1308,ECFP_1308
final,503,ECFP_1309,ECFP_1309,ECFP_1309
final,504,ECFP_131,ECFP_131,ECFP_131
final,505,ECFP_1310,ECFP_1310,ECFP_1310
final,506,ECFP_1311,ECFP_1311,ECFP_1311
final,507,ECFP_1312,ECFP_1312,ECFP_1312
final,508,ECFP_1313,ECFP_1313,ECFP_1313
final,509,ECFP_1314,ECFP_1314,ECFP_1314
final,510,ECFP_1315,ECFP_1315,ECFP_1315
final,511,ECFP_1316,ECFP_1316,ECFP_1316
final,512,ECFP_1317,ECFP_1317,ECFP_1317
final,513,ECFP_1318,ECFP_1318,ECFP_1318
final,514,ECFP_1319,ECFP_1319,ECFP_1319
final,515,ECFP_132,ECFP_132,ECFP_132
final,516,ECFP_1320,ECFP_1320,ECFP_1320
final,517,ECFP_1321,ECFP_1321,ECFP_1321
final,518,ECFP_1322,ECFP_1322,ECFP_1322
final,519,ECFP_1323,ECFP_1323,ECFP_1323
final,520,ECFP_1324,ECFP_1324,ECFP_1324
final,521,ECFP_1325,ECFP_1325,ECFP_1325
final,522,ECFP_1326,ECFP_1326,ECFP_1326
final,523,ECFP_1327,ECFP_1327,ECFP_1327
final,524,ECFP_1328,ECFP_1328,ECFP_1328
final,525,ECFP_1329,ECFP_1329,ECFP_1329
final,526,ECFP_133,ECFP_133,ECFP_133
final,527,ECFP_1330,ECFP_1330,ECFP_1330
final,528,ECFP_1331,ECFP_1331,ECFP_1331
final,529,ECFP_1332,ECFP_1332,ECFP_1332
final,530,ECFP_1333,ECFP_1333,ECFP_1333
final,531,ECFP_1334,ECFP_1334,ECFP_1334
final,532,ECFP_1335,ECFP_1335,ECFP_1335
final,533,ECFP_1336,ECFP_1336,ECFP_1336
final,534,ECFP_1337,ECFP_1337,ECFP_1337
final,535,ECFP_1338,ECFP_1338,ECFP_1338
final,536,ECFP_1339,ECFP_1339,ECFP_1339
final,537,ECFP_134,ECFP_134,ECFP_134
final,538,ECFP_1340,ECFP_1340,ECFP_1340
final,539,ECFP_1341,ECFP_1341,ECFP_1341
final,540,ECFP_1342,ECFP_1342,ECFP_1342
final,541,ECFP_1343,ECFP_1343,ECFP_1343
final,542,ECFP_1344,ECFP_1344,ECFP_1344
final,543,ECFP_1345,ECFP_1345,ECFP_1345
final,544,ECFP_1346,ECFP_1346,ECFP_1346
final,545,ECFP_1347,ECFP_1347,ECFP_1347
final,546,ECFP_1348,ECFP_1348,ECFP_1348
final,547,ECFP_1349,ECFP_1349,ECFP_1349
final,548,ECFP_135,ECFP_135,ECFP_135
final,549,ECFP_1351,ECFP_1351,ECFP_1351
final,550,ECFP_1352,ECFP_1352,ECFP_1352
final,551,ECFP_1353,ECFP_1353,ECFP_1353
final,552,ECFP_1354,ECFP_1354,ECFP_1354
final,553,ECFP_1356,ECFP_1356,ECFP_1356
final,554,ECFP_1357,ECFP_1357,ECFP_1357
final,555,ECFP_1358,ECFP_1358,ECFP_1358
final,556,ECFP_1359,ECFP_1359,ECFP_1359
final,557,ECFP_136,ECFP_136,ECFP_136
final,558,ECFP_1360,ECFP_1360,ECFP_1360
final,559,ECFP_1361,ECFP_1361,ECFP_1361
final,560,ECFP_1362,ECFP_1362,ECFP_1362
final,561,ECFP_1363,ECFP_1363,ECFP_1363
final,562,ECFP_1364,ECFP_1364,ECFP_1364
final,563,ECFP_1365,ECFP_1365,ECFP_1365
final,564,ECFP_1366,ECFP_1366,ECFP_1366
final,565,ECFP_1367,ECFP_1367,ECFP_1367
final,566,ECFP_1368,ECFP_1368,ECFP_1368
final,567,ECFP_1369,ECFP_1369,ECFP_1369
final,568,ECFP_1370,ECFP_1370,ECFP_1370
final,569,ECFP_1371,ECFP_1371,ECFP_1371
final,570,ECFP_1372,ECFP_1372,ECFP_1372
final,571,ECFP_1373,ECFP_1373,ECFP_1373
final,572,ECFP_1374,ECFP_1374,ECFP_1374
final,573,ECFP_1375,ECFP_1375,ECFP_1375
final,574,ECFP_1376,ECFP_1376,ECFP_1376
final,575,ECFP_1377,ECFP_1377,ECFP_1377
final,576,ECFP_1378,ECFP_1378,ECFP_1378
final,577,ECFP_1379,ECFP_1379,ECFP_1379
final,578,ECFP_138,ECFP_138,ECFP_138
final,579,ECFP_1380,ECFP_1380,ECFP_1380
final,580,ECFP_1381,ECFP_1381,ECFP_1381
final,581,ECFP_1382,ECFP_1382,ECFP_1382
final,582,ECFP_1383,ECFP_1383,ECFP_1383
final,583,ECFP_1384,ECFP_1384,ECFP_1384
final,584,ECFP_1385,ECFP_1385,ECFP_1385
final,585,ECFP_1386,ECFP_1386,ECFP_1386
final,586,ECFP_1387,ECFP_1387,ECFP_1387
final,587,ECFP_1388,ECFP_1388,ECFP_1388
final,588,ECFP_139,ECFP_139,ECFP_139
final,589,ECFP_1390,ECFP_1390,ECFP_1390
final,590,ECFP_1391,ECFP_1391,ECFP_1391
final,591,ECFP_1392,ECFP_1392,ECFP_1392
final,592,ECFP_1393,ECFP_1393,ECFP_1393
final,593,ECFP_1394,ECFP_1394,ECFP_1394
final,594,ECFP_1395,ECFP_1395,ECFP_1395
final,595,ECFP_1396,ECFP_1396,ECFP_1396
final,596,ECFP_1397,ECFP_1397,ECFP_1397
final,597,ECFP_1398,ECFP_1398,ECFP_1398
final,598,ECFP_1399,ECFP_1399,ECFP_1399
final,599,ECFP_14,ECFP_14,ECFP_14
final,600,ECFP_140,ECFP_140,ECFP_140
final,601,ECFP_1400,ECFP_1400,ECFP_1400
final,602,ECFP_1401,ECFP_1401,ECFP_1401
final,603,ECFP_1402,ECFP_1402,ECFP_1402
final,604,ECFP_1403,ECFP_1403,ECFP_1403
final,605,ECFP_1404,ECFP_1404,ECFP_1404
final,606,ECFP_1405,ECFP_1405,ECFP_1405
final,607,ECFP_1406,ECFP_1406,ECFP_1406
final,608,ECFP_1407,ECFP_1407,ECFP_1407
final,609,ECFP_1408,ECFP_1408,ECFP_1408
final,610,ECFP_1409,ECFP_1409,ECFP_1409
final,611,ECFP_141,ECFP_141,ECFP_141
final,612,ECFP_1410,ECFP_1410,ECFP_1410
final,613,ECFP_1411,ECFP_1411,ECFP_1411
final,614,ECFP_1412,ECFP_1412,ECFP_1412
final,615,ECFP_1413,ECFP_1413,ECFP_1413
final,616,ECFP_1414,ECFP_1414,ECFP_1414
final,617,ECFP_1415,ECFP_1415,ECFP_1415
final,618,ECFP_1416,ECFP_1416,ECFP_1416
final,619,ECFP_1417,ECFP_1417,ECFP_1417
final,620,ECFP_142,ECFP_142,ECFP_142
final,621,ECFP_1420,ECFP_1420,ECFP_1420
final,622,ECFP_1421,ECFP_1421,ECFP_1421
final,623,ECFP_1422,ECFP_1422,ECFP_1422
final,624,ECFP_1423,ECFP_1423,ECFP_1423
final,625,ECFP_1424,ECFP_1424,ECFP_1424
final,626,ECFP_1425,ECFP_1425,ECFP_1425
final,627,ECFP_1426,ECFP_1426,ECFP_1426
final,628,ECFP_1427,ECFP_1427,ECFP_1427
final,629,ECFP_1428,ECFP_1428,ECFP_1428
final,630,ECFP_1429,ECFP_1429,ECFP_1429
final,631,ECFP_143,ECFP_143,ECFP_143
final,632,ECFP_1430,ECFP_1430,ECFP_1430
final,633,ECFP_1431,ECFP_1431,ECFP_1431
final,634,ECFP_1432,ECFP_1432,ECFP_1432
final,635,ECFP_1433,ECFP_1433,ECFP_1433
final,636,ECFP_1434,ECFP_1434,ECFP_1434
final,637,ECFP_1435,ECFP_1435,ECFP_1435
final,638,ECFP_1436,ECFP_1436,ECFP_1436
final,639,ECFP_1437,ECFP_1437,ECFP_1437
final,640,ECFP_1438,ECFP_1438,ECFP_1438
final,641,ECFP_1439,ECFP_1439,ECFP_1439
final,642,ECFP_144,ECFP_144,ECFP_144
final,643,ECFP_1440,ECFP_1440,ECFP_1440
final,644,ECFP_1508,ECFP_1508,ECFP_1508
final,645,ECFP_1442,ECFP_1442,ECFP_1442
final,646,ECFP_1443,ECFP_1443,ECFP_1443
final,647,ECFP_1444,ECFP_1444,ECFP_1444
final,648,ECFP_1445,ECFP_1445,ECFP_1445
final,649,ECFP_1446,ECFP_1446,ECFP_1446
final,650,ECFP_1447,ECFP_1447,ECFP_1447
final,651,ECFP_1448,ECFP_1448,ECFP_1448
final,652,ECFP_1449,ECFP_1449,ECFP_1449
final,653,ECFP_145,ECFP_145,ECFP_145
final,654,ECFP_1450,ECFP_1450,ECFP_1450
final,655,ECFP_1451,ECFP_1451,ECFP_1451
final,656,ECFP_1452,ECFP_1452,ECFP_1452
final,657,ECFP_1453,ECFP_1453,ECFP_1453
final,658,ECFP_1454,ECFP_1454,ECFP_1454
final,659,ECFP_1455,ECFP_1455,ECFP_1455
final,660,ECFP_1456,ECFP_1456,ECFP_1456
final,661,ECFP_1457,ECFP_1457,ECFP_1457
final,662,ECFP_1458,ECFP_1458,ECFP_1458
final,663,ECFP_1459,ECFP_1459,ECFP_1459
final,664,ECFP_146,ECFP_146,ECFP_146
final,665,ECFP_1460,ECFP_1460,ECFP_1460
final,666,ECFP_1461,ECFP_1461,ECFP_1461
final,667,ECFP_1462,ECFP_1462,ECFP_1462
final,668,ECFP_1463,ECFP_1463,ECFP_1463
final,669,ECFP_1464,ECFP_1464,ECFP_1464
final,670,ECFP_1465,ECFP_1465,ECFP_1465
final,671,ECFP_1466,ECFP_1466,ECFP_1466
final,672,ECFP_1468,ECFP_1468,ECFP_1468
final,673,ECFP_1469,ECFP_1469,ECFP_1469
final,674,ECFP_147,ECFP_147,ECFP_147
final,675,ECFP_1470,ECFP_1470,ECFP_1470
final,676,ECFP_1471,ECFP_1471,ECFP_1471
final,677,ECFP_1472,ECFP_1472,ECFP_1472
final,678,ECFP_1473,ECFP_1473,ECFP_1473
final,679,ECFP_1474,ECFP_1474,ECFP_1474
final,680,ECFP_1475,ECFP_1475,ECFP_1475
final,681,ECFP_1476,ECFP_1476,ECFP_1476
final,682,ECFP_1477,ECFP_1477,ECFP_1477
final,683,ECFP_1478,ECFP_1478,ECFP_1478
final,684,ECFP_1479,ECFP_1479,ECFP_1479
final,685,ECFP_148,ECFP_148,ECFP_148
final,686,ECFP_1480,ECFP_1480,ECFP_1480
final,687,ECFP_1481,ECFP_1481,ECFP_1481
final,688,ECFP_1482,ECFP_1482,ECFP_1482
final,689,ECFP_1484,ECFP_1484,ECFP_1484
final,690,ECFP_1485,ECFP_1485,ECFP_1485
final,691,ECFP_1486,ECFP_1486,ECFP_1486
final,692,ECFP_1487,ECFP_1487,ECFP_1487
final,693,ECFP_1488,ECFP_1488,ECFP_1488
final,694,ECFP_1489,ECFP_1489,ECFP_1489
final,695,ECFP_149,ECFP_149,ECFP_149
final,696,ECFP_1490,ECFP_1490,ECFP_1490
final,697,ECFP_1491,ECFP_1491,ECFP_1491
final,698,ECFP_1492,ECFP_1492,ECFP_1492
final,699,ECFP_1493,ECFP_1493,ECFP_1493
final,700,ECFP_1494,ECFP_1494,ECFP_1494
final,701,ECFP_1495,ECFP_1495,ECFP_1495
final,702,ECFP_1496,ECFP_1496,ECFP_1496
final,703,ECFP_1497,ECFP_1497,ECFP_1497
final,704,ECFP_1498,ECFP_1498,ECFP_1498
final,705,ECFP_1499,ECFP_1499,ECFP_1499
final,706,ECFP_15,ECFP_15,ECFP_15
final,707,ECFP_1500,ECFP_1500,ECFP_1500
final,708,ECFP_1501,ECFP_1501,ECFP_1501
final,709,ECFP_1502,ECFP_1502,ECFP_1502
final,710,ECFP_1503,ECFP_1503,ECFP_1503
final,711,ECFP_1504,ECFP_1504,ECFP_1504
final,712,ECFP_1505,ECFP_1505,ECFP_1505
final,713,ECFP_1506,ECFP_1506,ECFP_1506
final,714,ECFP_1507,ECFP_1507,ECFP_1507
final,715,ECFP_722,ECFP_722,ECFP_722
final,716,ECFP_151,ECFP_151,ECFP_151
final,717,ECFP_1510,ECFP_1510,ECFP_1510
final,718,ECFP_1511,ECFP_1511,ECFP_1511
final,719,ECFP_1512,ECFP_1512,ECFP_1512
final,720,ECFP_1513,ECFP_1513,ECFP_1513
final,721,ECFP_1514,ECFP_1514,ECFP_1514
final,722,ECFP_1515,ECFP_1515,ECFP_1515
final,723,ECFP_1516,ECFP_1516,ECFP_1516
final,724,ECFP_1517,ECFP_1517,ECFP_1517
final,725,ECFP_1518,ECFP_1518,ECFP_1518
final,726,ECFP_1519,ECFP_1519,ECFP_1519
final,727,ECFP_152,ECFP_152,ECFP_152
final,728,ECFP_1520,ECFP_1520,ECFP_1520
final,729,ECFP_1521,ECFP_1521,ECFP_1521
final,730,ECFP_1522,ECFP_1522,ECFP_1522
final,731,ECFP_1523,ECFP_1523,ECFP_1523
final,732,ECFP_1524,ECFP_1524,ECFP_1524
final,733,ECFP_1525,ECFP_1525,ECFP_1525
final,734,ECFP_1526,ECFP_1526,ECFP_1526
final,735,ECFP_1527,ECFP_1527,ECFP_1527
final,736,ECFP_1528,ECFP_1528,ECFP_1528
final,737,ECFP_1529,ECFP_1529,ECFP_1529
final,738,ECFP_153,ECFP_153,ECFP_153
final,739,ECFP_1530,ECFP_1530,ECFP_1530
final,740,ECFP_1531,ECFP_1531,ECFP_1531
final,741,ECFP_1532,ECFP_1532,ECFP_1532
final,742,ECFP_1533,ECFP_1533,ECFP_1533
final,743,ECFP_1534,ECFP_1534,ECFP_1534
final,744,ECFP_1535,ECFP_1535,ECFP_1535
final,745,ECFP_1536,ECFP_1536,ECFP_1536
final,746,ECFP_1537,ECFP_1537,ECFP_1537
final,747,ECFP_1538,ECFP_1538,ECFP_1538
final,748,ECFP_1539,ECFP_1539,ECFP_1539
final,749,ECFP_154,ECFP_154,ECFP_154
final,750,ECFP_1540,ECFP_1540,ECFP_1540
final,751,ECFP_1541,ECFP_1541,ECFP_1541
final,752,ECFP_1542,ECFP_1542,ECFP_1542
final,753,ECFP_1543,ECFP_1543,ECFP_1543
final,754,ECFP_1544,ECFP_1544,ECFP_1544
final,755,ECFP_1545,ECFP_1545,ECFP_1545
final,756,ECFP_1546,ECFP_1546,ECFP_1546
final,757,ECFP_1547,ECFP_1547,ECFP_1547
final,758,ECFP_1548,ECFP_1548,ECFP_1548
final,759,ECFP_1549,ECFP_1549,ECFP_1549
final,760,ECFP_155,ECFP_155,ECFP_155
final,761,ECFP_1550,ECFP_1550,ECFP_1550
final,762,ECFP_1551,ECFP_1551,ECFP_1551
final,763,ECFP_1552,ECFP_1552,ECFP_1552
final,764,ECFP_2019,ECFP_2019,ECFP_2019
final,765,ECFP_1554,ECFP_1554,ECFP_1554
final,766,ECFP_1555,ECFP_1555,ECFP_1555
final,767,ECFP_1556,ECFP_1556,ECFP_1556
final,768,ECFP_1557,ECFP_1557,ECFP_1557
final,769,ECFP_1558,ECFP_1558,ECFP_1558
final,770,ECFP_1559,ECFP_1559,ECFP_1559
final,771,ECFP_156,ECFP_156,ECFP_156
final,772,ECFP_1560,ECFP_1560,ECFP_1560
final,773,ECFP_1561,ECFP_1561,ECFP_1561
final,774,ECFP_1562,ECFP_1562,ECFP_1562
final,775,ECFP_1563,ECFP_1563,ECFP_1563
final,776,ECFP_1564,ECFP_1564,ECFP_1564
final,777,ECFP_1565,ECFP_1565,ECFP_1565
final,778,ECFP_1566,ECFP_1566,ECFP_1566
final,779,SaaS,SaaS,SaaS
final,780,ECFP_1568,ECFP_1568,ECFP_1568
final,781,ECFP_1569,ECFP_1569,ECFP_1569
final,782,ECFP_157,ECFP_157,ECFP_157
final,783,ECFP_1570,ECFP_1570,ECFP_1570
final,784,ECFP_1571,ECFP_1571,ECFP_1571
final,785,ECFP_1572,ECFP_1572,ECFP_1572
final,786,ECFP_1573,ECFP_1573,ECFP_1573
final,787,ECFP_1574,ECFP_1574,ECFP_1574
final,788,ECFP_1575,ECFP_1575,ECFP_1575
final,789,ECFP_1576,ECFP_1576,ECFP_1576
final,790,ECFP_1577,ECFP_1577,ECFP_1577
final,791,ECFP_1578,ECFP_1578,ECFP_1578
final,792,ECFP_1579,ECFP_1579,ECFP_1579
final,793,ECFP_158,ECFP_158,ECFP_158
final,794,ECFP_1580,ECFP_1580,ECFP_1580
final,795,ECFP_1581,ECFP_1581,ECFP_1581
final,796,ECFP_1582,ECFP_1582,ECFP_1582
final,797,ECFP_1583,ECFP_1583,ECFP_1583
final,798,ECFP_1584,ECFP_1584,ECFP_1584
final,799,ECFP_949,ECFP_949,ECFP_949
final,800,ECFP_1586,ECFP_1586,ECFP_1586
final,801,ECFP_1587,ECFP_1587,ECFP_1587
final,802,ECFP_1588,ECFP_1588,ECFP_1588
final,803,ECFP_1589,ECFP_1589,ECFP_1589
final,804,ECFP_159,ECFP_159,ECFP_159
final,805,ECFP_1590,ECFP_1590,ECFP_1590
final,806,ECFP_1591,ECFP_1591,ECFP_1591
final,807,ECFP_1592,ECFP_1592,ECFP_1592
final,808,ECFP_1593,ECFP_1593,ECFP_1593
final,809,ECFP_1594,ECFP_1594,ECFP_1594
final,810,ECFP_1595,ECFP_1595,ECFP_1595
final,811,ECFP_1597,ECFP_1597,ECFP_1597
final,812,ECFP_1598,ECFP_1598,ECFP_1598
final,813,ECFP_1599,ECFP_1599,ECFP_1599
final,814,ECFP_16,ECFP_16,ECFP_16
final,815,ECFP_160,ECFP_160,ECFP_160
final,816,ECFP_1600,ECFP_1600,ECFP_1600
final,817,ECFP_1601,ECFP_1601,ECFP_1601
final,818,ECFP_1602,ECFP_1602,ECFP_1602
final,819,ECFP_1603,ECFP_1603,ECFP_1603
final,820,ECFP_1604,ECFP_1604,ECFP_1604
final,821,ECFP_1605,ECFP_1605,ECFP_1605
final,822,ECFP_1606,ECFP_1606,ECFP_1606
final,823,ECFP_1607,ECFP_1607,ECFP_1607
final,824,ECFP_1608,ECFP_1608,ECFP_1608
final,825,ECFP_1609,ECFP_1609,ECFP_1609
final,826,ECFP_161,ECFP_161,ECFP_161
final,827,ECFP_1610,ECFP_1610,ECFP_1610
final,828,ECFP_1611,ECFP_1611,ECFP_1611
final,829,ECFP_1612,ECFP_1612,ECFP_1612
final,830,ECFP_1613,ECFP_1613,ECFP_1613
final,831,ECFP_1614,ECFP_1614,ECFP_1614
final,832,ECFP_1615,ECFP_1615,ECFP_1615
final,833,ECFP_1616,ECFP_1616,ECFP_1616
final,834,ECFP_1617,ECFP_1617,ECFP_1617
final,835,ECFP_1618,ECFP_1618,ECFP_1618
final,836,ECFP_1619,ECFP_1619,ECFP_1619
final,837,ECFP_162,ECFP_162,ECFP_162
final,838,ECFP_1620,ECFP_1620,ECFP_1620
final,839,ECFP_1621,ECFP_1621,ECFP_1621
final,840,ECFP_1622,ECFP_1622,ECFP_1622
final,841,ECFP_1623,ECFP_1623,ECFP_1623
final,842,ECFP_1624,ECFP_1624,ECFP_1624
final,843,ECFP_1625,ECFP_1625,ECFP_1625
final,844,ECFP_1626,ECFP_1626,ECFP_1626
final,845,ECFP_1627,ECFP_1627,ECFP_1627
final,846,ECFP_1628,ECFP_1628,ECFP_1628
final,847,ECFP_1629,ECFP_1629,ECFP_1629
final,848,ECFP_163,ECFP_163,ECFP_163
final,849,ECFP_1630,ECFP_1630,ECFP_1630
final,850,ECFP_1631,ECFP_1631,ECFP_1631
final,851,ECFP_1632,ECFP_1632,ECFP_1632
final,852,ECFP_1633,ECFP_1633,ECFP_1633
final,853,ECFP_1634,ECFP_1634,ECFP_1634
final,854,ECFP_1635,ECFP_1635,ECFP_1635
final,855,ECFP_1636,ECFP_1636,ECFP_1636
final,856,ECFP_1637,ECFP_1637,ECFP_1637
final,857,ECFP_1638,ECFP_1638,ECFP_1638
final,858,ECFP_164,ECFP_164,ECFP_164
final,859,ECFP_1640,ECFP_1640,ECFP_1640
final,860,ECFP_1641,ECFP_1641,ECFP_1641
final,861,ECFP_1642,ECFP_1642,ECFP_1642
final,862,ECFP_1644,ECFP_1644,ECFP_1644
final,863,ECFP_1645,ECFP_1645,ECFP_1645
final,864,ECFP_1646,ECFP_1646,ECFP_1646
final,865,ECFP_1647,ECFP_1647,ECFP_1647
final,866,ECFP_1648,ECFP_1648,ECFP_1648
final,867,ECFP_1649,ECFP_1649,ECFP_1649
final,868,ECFP_165,ECFP_165,ECFP_165
final,869,ECFP_1650,ECFP_1650,ECFP_1650
final,870,ECFP_1651,ECFP_1651,ECFP_1651
final,871,ECFP_1652,ECFP_1652,ECFP_1652
final,872,ECFP_1653,ECFP_1653,ECFP_1653
final,873,ECFP_1654,ECFP_1654,ECFP_1654
final,874,ECFP_1655,ECFP_1655,ECFP_1655
final,875,ECFP_1656,ECFP_1656,ECFP_1656
final,876,ECFP_1657,ECFP_1657,ECFP_1657
final,877,ECFP_1658,ECFP_1658,ECFP_1658
final,878,ECFP_1659,ECFP_1659,ECFP_1659
final,879,ECFP_166,ECFP_166,ECFP_166
final,880,ECFP_1660,ECFP_1660,ECFP_1660
final,881,ECFP_1661,ECFP_1661,ECFP_1661
final,882,ECFP_1662,ECFP_1662,ECFP_1662
final,883,ECFP_1663,ECFP_1663,ECFP_1663
final,884,ECFP_1664,ECFP_1664,ECFP_1664
final,885,ECFP_1665,ECFP_1665,ECFP_1665
final,886,ECFP_1666,ECFP_1666,ECFP_1666
final,887,ECFP_1667,ECFP_1667,ECFP_1667
final,888,ECFP_1668,ECFP_1668,ECFP_1668
final,889,ECFP_1669,ECFP_1669,ECFP_1669
final,890,ECFP_167,ECFP_167,ECFP_167
final,891,ECFP_1670,ECFP_1670,ECFP_1670
final,892,ECFP_1671,ECFP_1671,ECFP_1671
final,893,ECFP_1672,ECFP_1672,ECFP_1672
final,894,ECFP_1673,ECFP_1673,ECFP_1673
final,895,ECFP_1674,ECFP_1674,ECFP_1674
final,896,ECFP_1675,ECFP_1675,ECFP_1675
final,897,ECFP_1676,ECFP_1676,ECFP_1676
final,898,ECFP_1677,ECFP_1677,ECFP_1677
final,899,ECFP_1679,ECFP_1679,ECFP_1679
final,900,ECFP_168,ECFP_168,ECFP_168
final,901,ECFP_1680,ECFP_1680,ECFP_1680
final,902,ECFP_1681,ECFP_1681,ECFP_1681
final,903,ECFP_1682,ECFP_1682,ECFP_1682
final,904,MACCS_103,MACCS_103,MACCS_103
final,905,ECFP_1684,ECFP_1684,ECFP_1684
final,906,ECFP_1685,ECFP_1685,ECFP_1685
final,907,ECFP_1686,ECFP_1686,ECFP_1686
final,908,ECFP_1687,ECFP_1687,ECFP_1687
final,909,ECFP_1688,ECFP_1688,ECFP_1688
final,910,ECFP_1689,ECFP_1689,ECFP_1689
final,911,ECFP_169,ECFP_169,ECFP_169
final,912,ECFP_1690,ECFP_1690,ECFP_1690
final,913,ECFP_1691,ECFP_1691,ECFP_1691
final,914,ECFP_1692,ECFP_1692,ECFP_1692
final,915,ECFP_1693,ECFP_1693,ECFP_1693
final,916,ECFP_1694,ECFP_1694,ECFP_1694
final,917,ECFP_1695,ECFP_1695,ECFP_1695
final,918,ECFP_1696,ECFP_1696,ECFP_1696
final,919,ECFP_1697,ECFP_1697,ECFP_1697
final,920,ECFP_1698,ECFP_1698,ECFP_1698
final,921,ECFP_1699,ECFP_1699,ECFP_1699
final,922,ECFP_17,ECFP_17,ECFP_17
final,923,ECFP_170,ECFP_170,ECFP_170
final,924,ECFP_1700,ECFP_1700,ECFP_1700
final,925,ECFP_1701,ECFP_1701,ECFP_1701
final,926,ECFP_1702,ECFP_1702,ECFP_1702
final,927,ECFP_659,ECFP_659,ECFP_659
final,928,ECFP_1704,ECFP_1704,ECFP_1704
final,929,ECFP_1706,ECFP_1706,ECFP_1706
final,930,ECFP_1707,ECFP_1707,ECFP_1707
final,931,ECFP_1708,ECFP_1708,ECFP_1708
final,932,ECFP_1709,ECFP_1709,ECFP_1709
final,933,ECFP_171,ECFP_171,ECFP_171
final,934,ECFP_1710,ECFP_1710,ECFP_1710
final,935,ECFP_1711,ECFP_1711,ECFP_1711
final,936,ECFP_1712,ECFP_1712,ECFP_1712
final,937,ECFP_1713,ECFP_1713,ECFP_1713
final,938,ECFP_1714,ECFP_1714,ECFP_1714
final,939,ECFP_1715,ECFP_1715,ECFP_1715
final,940,ECFP_1716,ECFP_1716,ECFP_1716
final,941,ECFP_1717,ECFP_1717,ECFP_1717
final,942,ECFP_1718,ECFP_1718,ECFP_1718
final,943,ECFP_1719,ECFP_1719,ECFP_1719
final,944,ECFP_172,ECFP_172,ECFP_172
final,945,ECFP_1720,ECFP_1720,ECFP_1720
final,946,ECFP_1721,ECFP_1721,ECFP_1721
final,947,ECFP_1722,ECFP_1722,ECFP_1722
final,948,ECFP_1723,ECFP_1723,ECFP_1723
final,949,ECFP_1724,ECFP_1724,ECFP_1724
final,950,ECFP_1725,ECFP_1725,ECFP_1725
final,951,ECFP_1726,ECFP_1726,ECFP_1726
final,952,ECFP_1727,ECFP_1727,ECFP_1727
final,953,ECFP_1728,ECFP_1728,ECFP_1728
final,954,ECFP_1729,ECFP_1729,ECFP_1729
final,955,ECFP_173,ECFP_173,ECFP_173
final,956,ECFP_1730,ECFP_1730,ECFP_1730
final,957,ECFP_1731,ECFP_1731,ECFP_1731
final,958,ECFP_1732,ECFP_1732,ECFP_1732
final,959,ECFP_1733,ECFP_1733,ECFP_1733
final,960,ECFP_1734,ECFP_1734,ECFP_1734
final,961,ECFP_1735,ECFP_1735,ECFP_1735
final,962,ECFP_1736,ECFP_1736,ECFP_1736
final,963,ECFP_1737,ECFP_1737,ECFP_1737
final,964,ECFP_1738,ECFP_1738,ECFP_1738
final,965,ECFP_1739,ECFP_1739,ECFP_1739
final,966,ECFP_174,ECFP_174,ECFP_174
final,967,ECFP_1740,ECFP_1740,ECFP_1740
final,968,ECFP_1741,ECFP_1741,ECFP_1741
final,969,ECFP_1742,ECFP_1742,ECFP_1742
final,970,ECFP_1743,ECFP_1743,ECFP_1743
final,971,ECFP_1744,ECFP_1744,ECFP_1744
final,972,ECFP_1745,ECFP_1745,ECFP_1745
final,973,ECFP_1746,ECFP_1746,ECFP_1746
final,974,ECFP_1747,ECFP_1747,ECFP_1747
final,975,ECFP_1748,ECFP_1748,ECFP_1748
final,976,ECFP_1749,ECFP_1749,ECFP_1749
final,977,ECFP_175,ECFP_175,ECFP_175
final,978,VSA_EState6,VSA_EState6,VSA_EState6
final,979,ECFP_1751,ECFP_1751,ECFP_1751
final,980,ECFP_1752,ECFP_1752,ECFP_1752
final,981,ECFP_1753,ECFP_1753,ECFP_1753
final,982,ECFP_1754,ECFP_1754,ECFP_1754
final,983,ECFP_1755,ECFP_1755,ECFP_1755
final,984,ECFP_1756,ECFP_1756,ECFP_1756
final,985,ECFP_1757,ECFP_1757,ECFP_1757
final,986,ECFP_1758,ECFP_1758,ECFP_1758
final,987,ECFP_1759,ECFP_1759,ECFP_1759
final,988,ECFP_176,ECFP_176,ECFP_176
final,989,ECFP_1760,ECFP_1760,ECFP_1760
final,990,ECFP_1761,ECFP_1761,ECFP_1761
final,991,ECFP_1762,ECFP_1762,ECFP_1762
final,992,ECFP_1763,ECFP_1763,ECFP_1763
final,993,ECFP_610,ECFP_610,ECFP_610
final,994,ECFP_1765,ECFP_1765,ECFP_1765
final,995,ECFP_1766,ECFP_1766,ECFP_1766
final,996,ECFP_1767,ECFP_1767,ECFP_1767
final,997,ECFP_1768,ECFP_1768,ECFP_1768
final,998,ECFP_1769,ECFP_1769,ECFP_1769
final,999,ECFP_177,ECFP_177,ECFP_177
final,1000,ECFP_1770,ECFP_1770,ECFP_1770
final,1001,ECFP_1771,ECFP_1771,ECFP_1771
final,1002,ECFP_1772,ECFP_1772,ECFP_1772
final,1003,ECFP_1773,ECFP_1773,ECFP_1773
final,1004,ECFP_748,ECFP_748,ECFP_748
final,1005,ECFP_1775,ECFP_1775,ECFP_1775
final,1006,ECFP_1776,ECFP_1776,ECFP_1776
final,1007,ECFP_1777,ECFP_1777,ECFP_1777
final,1008,ECFP_1778,ECFP_1778,ECFP_1778
final,1009,ECFP_1779,ECFP_1779,ECFP_1779
final,1010,ECFP_178,ECFP_178,ECFP_178
final,1011,ECFP_1780,ECFP_1780,ECFP_1780
final,1012,ECFP_1781,ECFP_1781,ECFP_1781
final,1013,ECFP_1782,ECFP_1782,ECFP_1782
final,1014,ECFP_1783,ECFP_1783,ECFP_1783
final,1015,ECFP_1784,ECFP_1784,ECFP_1784
final,1016,ECFP_1785,ECFP_1785,ECFP_1785
final,1017,ECFP_1786,ECFP_1786,ECFP_1786
final,1018,ECFP_1788,ECFP_1788,ECFP_1788
final,1019,ECFP_1790,ECFP_1790,ECFP_1790
final,1020,ECFP_1791,ECFP_1791,ECFP_1791
final,1021,ECFP_1792,ECFP_1792,ECFP_1792
final,1022,ECFP_1793,ECFP_1793,ECFP_1793
final,1023,ECFP_1794,ECFP_1794,ECFP_1794
final,1024,ECFP_1795,ECFP_1795,ECFP_1795
final,1025,ECFP_1796,ECFP_1796,ECFP_1796
final,1026,ECFP_1797,ECFP_1797,ECFP_1797
final,1027,ECFP_1798,ECFP_1798,ECFP_1798
final,1028,ECFP_1799,ECFP_1799,ECFP_1799
final,1029,ECFP_180,ECFP_180,ECFP_180
final,1030,ECFP_441,ECFP_441,ECFP_441
final,1031,ECFP_1801,ECFP_1801,ECFP_1801
final,1032,ECFP_1802,ECFP_1802,ECFP_1802
final,1033,ECFP_1803,ECFP_1803,ECFP_1803
final,1034,ECFP_1804,ECFP_1804,ECFP_1804
final,1035,ECFP_1805,ECFP_1805,ECFP_1805
final,1036,ECFP_1806,ECFP_1806,ECFP_1806
final,1037,ECFP_1807,ECFP_1807,ECFP_1807
final,1038,ECFP_1808,ECFP_1808,ECFP_1808
final,1039,ECFP_1809,ECFP_1809,ECFP_1809
final,1040,ECFP_181,ECFP_181,ECFP_181
final,1041,ECFP_1810,ECFP_1810,ECFP_1810
final,1042,ECFP_1811,ECFP_1811,ECFP_1811
final,1043,ECFP_1812,ECFP_1812,ECFP_1812
final,1044,ECFP_1813,ECFP_1813,ECFP_1813
final,1045,ECFP_1814,ECFP_1814,ECFP_1814
final,1046,ECFP_1815,ECFP_1815,ECFP_1815
final,1047,ECFP_1816,ECFP_1816,ECFP_1816
final,1048,ECFP_1817,ECFP_1817,ECFP_1817
final,1049,ECFP_1818,ECFP_1818,ECFP_1818
final,1050,ECFP_1819,ECFP_1819,ECFP_1819
final,1051,ECFP_182,ECFP_182,ECFP_182
final,1052,ECFP_1820,ECFP_1820,ECFP_1820
final,1053,ECFP_1821,ECFP_1821,ECFP_1821
final,1054,ECFP_1822,ECFP_1822,ECFP_1822
final,1055,ECFP_1823,ECFP_1823,ECFP_1823
final,1056,ECFP_1824,ECFP_1824,ECFP_1824
final,1057,ECFP_1825,ECFP_1825,ECFP_1825
final,1058,ECFP_1826,ECFP_1826,ECFP_1826
final,1059,ECFP_1827,ECFP_1827,ECFP_1827
final,1060,ECFP_1828,ECFP_1828,ECFP_1828
final,1061,ECFP_1829,ECFP_1829,ECFP_1829
final,1062,ECFP_183,ECFP_183,ECFP_183
final,1063,ECFP_1896,ECFP_1896,ECFP_1896
final,1064,ECFP_1831,ECFP_1831,ECFP_1831
final,1065,ECFP_1832,ECFP_1832,ECFP_1832
final,1066,ECFP_1833,ECFP_1833,ECFP_1833
final,1067,ECFP_1834,ECFP_1834,ECFP_1834
final,1068,ECFP_1835,ECFP_1835,ECFP_1835
final,1069,ECFP_1837,ECFP_1837,ECFP_1837
final,1070,SdsssP,SdsssP,SdsssP
final,1071,ECFP_1839,ECFP_1839,ECFP_1839
final,1072,ECFP_184,ECFP_184,ECFP_184
final,1073,ECFP_1840,ECFP_1840,ECFP_1840
final,1074,ECFP_1841,ECFP_1841,ECFP_1841
final,1075,ECFP_1843,ECFP_1843,ECFP_1843
final,1076,ECFP_1844,ECFP_1844,ECFP_1844
final,1077,ECFP_1845,ECFP_1845,ECFP_1845
final,1078,ECFP_1846,ECFP_1846,ECFP_1846
final,1079,ECFP_1847,ECFP_1847,ECFP_1847
final,1080,ECFP_1848,ECFP_1848,ECFP_1848
final,1081,ECFP_1849,ECFP_1849,ECFP_1849
final,1082,ECFP_185,ECFP_185,ECFP_185
final,1083,ECFP_1850,ECFP_1850,ECFP_1850
final,1084,ECFP_1851,ECFP_1851,ECFP_1851
final,1085,ECFP_1852,ECFP_1852,ECFP_1852
final,1086,ECFP_1853,ECFP_1853,ECFP_1853
final,1087,ECFP_1854,ECFP_1854,ECFP_1854
final,1088,ECFP_1855,ECFP_1855,ECFP_1855
final,1089,ECFP_1856,ECFP_1856,ECFP_1856
final,1090,ECFP_1857,ECFP_1857,ECFP_1857
final,1091,ECFP_1859,ECFP_1859,ECFP_1859
final,1092,ECFP_186,ECFP_186,ECFP_186
final,1093,ECFP_1860,ECFP_1860,ECFP_1860
final,1094,ECFP_1861,ECFP_1861,ECFP_1861
final,1095,ECFP_1862,ECFP_1862,ECFP_1862
final,1096,ECFP_1863,ECFP_1863,ECFP_1863
final,1097,ECFP_1864,ECFP_1864,ECFP_1864
final,1098,ECFP_1865,ECFP_1865,ECFP_1865
final,1099,ECFP_1866,ECFP_1866,ECFP_1866
final,1100,ECFP_1867,ECFP_1867,ECFP_1867
final,1101,ECFP_1868,ECFP_1868,ECFP_1868
final,1102,ECFP_1869,ECFP_1869,ECFP_1869
final,1103,ECFP_187,ECFP_187,ECFP_187
final,1104,ECFP_1870,ECFP_1870,ECFP_1870
final,1105,ECFP_1871,ECFP_1871,ECFP_1871
final,1106,ECFP_1872,ECFP_1872,ECFP_1872
final,1107,ECFP_1873,ECFP_1873,ECFP_1873
final,1108,ECFP_1874,ECFP_1874,ECFP_1874
final,1109,ECFP_1875,ECFP_1875,ECFP_1875
final,1110,ECFP_1876,ECFP_1876,ECFP_1876
final,1111,ECFP_1877,ECFP_1877,ECFP_1877
final,1112,ECFP_1878,ECFP_1878,ECFP_1878
final,1113,ECFP_1879,ECFP_1879,ECFP_1879
final,1114,ECFP_188,ECFP_188,ECFP_188
final,1115,ECFP_1880,ECFP_1880,ECFP_1880
final,1116,ECFP_1881,ECFP_1881,ECFP_1881
final,1117,ECFP_1882,ECFP_1882,ECFP_1882
final,1118,ECFP_1883,ECFP_1883,ECFP_1883
final,1119,ECFP_1884,ECFP_1884,ECFP_1884
final,1120,ECFP_1885,ECFP_1885,ECFP_1885
final,1121,ECFP_1886,ECFP_1886,ECFP_1886
final,1122,ECFP_1887,ECFP_1887,ECFP_1887
final,1123,ECFP_1888,ECFP_1888,ECFP_1888
final,1124,ECFP_1889,ECFP_1889,ECFP_1889
final,1125,ECFP_189,ECFP_189,ECFP_189
final,1126,ECFP_1890,ECFP_1890,ECFP_1890
final,1127,ECFP_1891,ECFP_1891,ECFP_1891
final,1128,ECFP_1892,ECFP_1892,ECFP_1892
final,1129,ECFP_1893,ECFP_1893,ECFP_1893
final,1130,ECFP_1894,ECFP_1894,ECFP_1894
final,1131,ECFP_1895,ECFP_1895,ECFP_1895
final,1132,ECFP_1897,ECFP_1897,ECFP_1897
final,1133,ECFP_1898,ECFP_1898,ECFP_1898
final,1134,ECFP_1899,ECFP_1899,ECFP_1899
final,1135,ECFP_19,ECFP_19,ECFP_19
final,1136,ECFP_190,ECFP_190,ECFP_190
final,1137,ECFP_1900,ECFP_1900,ECFP_1900
final,1138,ECFP_1901,ECFP_1901,ECFP_1901
final,1139,ECFP_1902,ECFP_1902,ECFP_1902
final,1140,ECFP_1903,ECFP_1903,ECFP_1903
final,1141,ECFP_1904,ECFP_1904,ECFP_1904
final,1142,ECFP_1905,ECFP_1905,ECFP_1905
final,1143,ECFP_1906,ECFP_1906,ECFP_1906
final,1144,ECFP_1907,ECFP_1907,ECFP_1907
final,1145,ECFP_1908,ECFP_1908,ECFP_1908
final,1146,ECFP_1909,ECFP_1909,ECFP_1909
final,1147,ECFP_191,ECFP_191,ECFP_191
final,1148,ECFP_1910,ECFP_1910,ECFP_1910
final,1149,ECFP_1911,ECFP_1911,ECFP_1911
final,1150,ECFP_1912,ECFP_1912,ECFP_1912
final,1151,ECFP_1914,ECFP_1914,ECFP_1914
final,1152,ECFP_1915,ECFP_1915,ECFP_1915
final,1153,ECFP_1916,ECFP_1916,ECFP_1916
final,1154,ECFP_1917,ECFP_1917,ECFP_1917
final,1155,ECFP_1918,ECFP_1918,ECFP_1918
final,1156,ECFP_1919,ECFP_1919,ECFP_1919
final,1157,ECFP_1920,ECFP_1920,ECFP_1920
final,1158,ECFP_1921,ECFP_1921,ECFP_1921
final,1159,ECFP_1922,ECFP_1922,ECFP_1922
final,1160,ECFP_1923,ECFP_1923,ECFP_1923
final,1161,ECFP_1925,ECFP_1925,ECFP_1925
final,1162,ECFP_1926,ECFP_1926,ECFP_1926
final,1163,ECFP_1927,ECFP_1927,ECFP_1927
final,1164,NsF,NsF,NsF
final,1165,ECFP_1929,ECFP_1929,ECFP_1929
final,1166,ECFP_193,ECFP_193,ECFP_193
final,1167,ECFP_1930,ECFP_1930,ECFP_1930
final,1168,ECFP_1931,ECFP_1931,ECFP_1931
final,1169,ECFP_1932,ECFP_1932,ECFP_1932
final,1170,ECFP_1933,ECFP_1933,ECFP_1933
final,1171,ECFP_1934,ECFP_1934,ECFP_1934
final,1172,ECFP_1935,ECFP_1935,ECFP_1935
final,1173,ECFP_1936,ECFP_1936,ECFP_1936
final,1174,ECFP_1937,ECFP_1937,ECFP_1937
final,1175,ECFP_1938,ECFP_1938,ECFP_1938
final,1176,ECFP_1939,ECFP_1939,ECFP_1939
final,1177,ECFP_194,ECFP_194,ECFP_194
final,1178,ECFP_1940,ECFP_1940,ECFP_1940
final,1179,ECFP_1941,ECFP_1941,ECFP_1941
final,1180,ECFP_1942,ECFP_1942,ECFP_1942
final,1181,ECFP_1943,ECFP_1943,ECFP_1943
final,1182,ECFP_1944,ECFP_1944,ECFP_1944
final,1183,ECFP_1945,ECFP_1945,ECFP_1945
final,1184,ECFP_1946,ECFP_1946,ECFP_1946
final,1185,ECFP_1947,ECFP_1947,ECFP_1947
final,1186,ECFP_1948,ECFP_1948,ECFP_1948
final,1187,ECFP_1949,ECFP_1949,ECFP_1949
final,1188,ECFP_195,ECFP_195,ECFP_195
final,1189,ECFP_1950,ECFP_1950,ECFP_1950
final,1190,ECFP_1951,ECFP_1951,ECFP_1951
final,1191,ECFP_1952,ECFP_1952,ECFP_1952
final,1192,ECFP_1953,ECFP_1953,ECFP_1953
final,1193,ECFP_1954,ECFP_1954,ECFP_1954
final,1194,ECFP_1955,ECFP_1955,ECFP_1955
final,1195,ECFP_1956,ECFP_1956,ECFP_1956
final,1196,ECFP_1957,ECFP_1957,ECFP_1957
final,1197,ECFP_1958,ECFP_1958,ECFP_1958
final,1198,ECFP_1959,ECFP_1959,ECFP_1959
final,1199,ECFP_196,ECFP_196,ECFP_196
final,1200,ECFP_1960,ECFP_1960,ECFP_1960
final,1201,ECFP_1961,ECFP_1961,ECFP_1961
final,1202,ECFP_1962,ECFP_1962,ECFP_1962
final,1203,NddsN,NddsN,NddsN
final,1204,ECFP_1964,ECFP_1964,ECFP_1964
final,1205,ECFP_1965,ECFP_1965,ECFP_1965
final,1206,ECFP_1966,ECFP_1966,ECFP_1966
final,1207,ECFP_1967,ECFP_1967,ECFP_1967
final,1208,ECFP_1968,ECFP_1968,ECFP_1968
final,1209,ECFP_1969,ECFP_1969,ECFP_1969
final,1210,ECFP_197,ECFP_197,ECFP_197
final,1211,ECFP_1970,ECFP_1970,ECFP_1970
final,1212,ECFP_1971,ECFP_1971,ECFP_1971
final,1213,ECFP_1972,ECFP_1972,ECFP_1972
final,1214,ECFP_1973,ECFP_1973,ECFP_1973
final,1215,ECFP_1974,ECFP_1974,ECFP_1974
final,1216,ECFP_1975,ECFP_1975,ECFP_1975
final,1217,ECFP_1976,ECFP_1976,ECFP_1976
final,1218,ECFP_1977,ECFP_1977,ECFP_1977
final,1219,ECFP_1978,ECFP_1978,ECFP_1978
final,1220,ECFP_1979,ECFP_1979,ECFP_1979
final,1221,ECFP_198,ECFP_198,ECFP_198
final,1222,ECFP_1980,ECFP_1980,ECFP_1980
final,1223,ECFP_1981,ECFP_1981,ECFP_1981
final,1224,ECFP_1982,ECFP_1982,ECFP_1982
final,1225,ECFP_1983,ECFP_1983,ECFP_1983
final,1226,ECFP_1984,ECFP_1984,ECFP_1984
final,1227,ECFP_1985,ECFP_1985,ECFP_1985
final,1228,ECFP_1986,ECFP_1986,ECFP_1986
final,1229,ECFP_1987,ECFP_1987,ECFP_1987
final,1230,ECFP_1988,ECFP_1988,ECFP_1988
final,1231,ECFP_1989,ECFP_1989,ECFP_1989
final,1232,ECFP_199,ECFP_199,ECFP_199
final,1233,ECFP_1990,ECFP_1990,ECFP_1990
final,1234,ECFP_1991,ECFP_1991,ECFP_1991
final,1235,ECFP_1992,ECFP_1992,ECFP_1992
final,1236,ECFP_1993,ECFP_1993,ECFP_1993
final,1237,ECFP_1994,ECFP_1994,ECFP_1994
final,1238,ECFP_1995,ECFP_1995,ECFP_1995
final,1239,ECFP_1996,ECFP_1996,ECFP_1996
final,1240,ECFP_1997,ECFP_1997,ECFP_1997
final,1241,ECFP_1998,ECFP_1998,ECFP_1998
final,1242,ECFP_1999,ECFP_1999,ECFP_1999
final,1243,ECFP_2,ECFP_2,ECFP_2
final,1244,ECFP_20,ECFP_20,ECFP_20
final,1245,n9AHRing,n9AHRing,n9AHRing
final,1246,ECFP_2000,ECFP_2000,ECFP_2000
final,1247,ECFP_2001,ECFP_2001,ECFP_2001
final,1248,ECFP_2002,ECFP_2002,ECFP_2002
final,1249,ECFP_2003,ECFP_2003,ECFP_2003
final,1250,ECFP_2004,ECFP_2004,ECFP_2004
final,1251,ECFP_2005,ECFP_2005,ECFP_2005
final,1252,ECFP_2006,ECFP_2006,ECFP_2006
final,1253,ECFP_2007,ECFP_2007,ECFP_2007
final,1254,ECFP_2008,ECFP_2008,ECFP_2008
final,1255,ECFP_2009,ECFP_2009,ECFP_2009
final,1256,ECFP_201,ECFP_201,ECFP_201
final,1257,ECFP_2010,ECFP_2010,ECFP_2010
final,1258,ECFP_2011,ECFP_2011,ECFP_2011
final,1259,ECFP_2013,ECFP_2013,ECFP_2013
final,1260,ECFP_2014,ECFP_2014,ECFP_2014
final,1261,ECFP_2015,ECFP_2015,ECFP_2015
final,1262,ECFP_2016,ECFP_2016,ECFP_2016
final,1263,ECFP_2017,ECFP_2017,ECFP_2017
final,1264,ECFP_2018,ECFP_2018,ECFP_2018
final,1265,ECFP_202,ECFP_202,ECFP_202
final,1266,ECFP_2020,ECFP_2020,ECFP_2020
final,1267,ECFP_2021,ECFP_2021,ECFP_2021
final,1268,ECFP_2022,ECFP_2022,ECFP_2022
final,1269,ECFP_2023,ECFP_2023,ECFP_2023
final,1270,ECFP_2024,ECFP_2024,ECFP_2024
final,1271,ECFP_2025,ECFP_2025,ECFP_2025
final,1272,ECFP_2026,ECFP_2026,ECFP_2026
final,1273,ECFP_2027,ECFP_2027,ECFP_2027
final,1274,ECFP_2028,ECFP_2028,ECFP_2028
final,1275,ECFP_203,ECFP_203,ECFP_203
final,1276,ECFP_2030,ECFP_2030,ECFP_2030
final,1277,ECFP_423,ECFP_423,ECFP_423
final,1278,ECFP_2032,ECFP_2032,ECFP_2032
final,1279,ECFP_2033,ECFP_2033,ECFP_2033
final,1280,ECFP_2034,ECFP_2034,ECFP_2034
final,1281,ECFP_2035,ECFP_2035,ECFP_2035
final,1282,ECFP_2036,ECFP_2036,ECFP_2036
final,1283,ECFP_2038,ECFP_2038,ECFP_2038
final,1284,ECFP_2039,ECFP_2039,ECFP_2039
final,1285,ECFP_204,ECFP_204,ECFP_204
final,1286,ECFP_2040,ECFP_2040,ECFP_2040
final,1287,ECFP_2041,ECFP_2041,ECFP_2041
final,1288,ECFP_2042,ECFP_2042,ECFP_2042
final,1289,ECFP_2043,ECFP_2043,ECFP_2043
final,1290,ECFP_2044,ECFP_2044,ECFP_2044
final,1291,ECFP_2045,ECFP_2045,ECFP_2045
final,1292,ECFP_2046,ECFP_2046,ECFP_2046
final,1293,ECFP_2047,ECFP_2047,ECFP_2047
final,1294,ECFP_205,ECFP_205,ECFP_205
final,1295,ECFP_206,ECFP_206,ECFP_206
final,1296,ECFP_207,ECFP_207,ECFP_207
final,1297,ECFP_208,ECFP_208,ECFP_208
final,1298,ECFP_209,ECFP_209,ECFP_209
final,1299,ECFP_21,ECFP_21,ECFP_21
final,1300,ECFP_210,ECFP_210,ECFP_210
final,1301,ECFP_211,ECFP_211,ECFP_211
final,1302,ECFP_212,ECFP_212,ECFP_212
final,1303,ECFP_213,ECFP_213,ECFP_213
final,1304,ECFP_214,ECFP_214,ECFP_214
final,1305,ECFP_215,ECFP_215,ECFP_215
final,1306,ECFP_216,ECFP_216,ECFP_216
final,1307,ECFP_217,ECFP_217,ECFP_217
final,1308,ECFP_218,ECFP_218,ECFP_218
final,1309,ECFP_219,ECFP_219,ECFP_219
final,1310,ECFP_22,ECFP_22,ECFP_22
final,1311,ECFP_220,ECFP_220,ECFP_220
final,1312,ECFP_221,ECFP_221,ECFP_221
final,1313,ECFP_222,ECFP_222,ECFP_222
final,1314,ECFP_223,ECFP_223,ECFP_223
final,1315,ECFP_224,ECFP_224,ECFP_224
final,1316,ECFP_225,ECFP_225,ECFP_225
final,1317,ECFP_226,ECFP_226,ECFP_226
final,1318,ECFP_227,ECFP_227,ECFP_227
final,1319,ECFP_228,ECFP_228,ECFP_228
final,1320,ECFP_229,ECFP_229,ECFP_229
final,1321,ECFP_23,ECFP_23,ECFP_23
final,1322,ECFP_230,ECFP_230,ECFP_230
final,1323,ECFP_231,ECFP_231,ECFP_231
final,1324,ECFP_232,ECFP_232,ECFP_232
final,1325,ECFP_233,ECFP_233,ECFP_233
final,1326,ECFP_235,ECFP_235,ECFP_235
final,1327,ECFP_236,ECFP_236,ECFP_236
final,1328,ECFP_237,ECFP_237,ECFP_237
final,1329,ECFP_238,ECFP_238,ECFP_238
final,1330,ECFP_239,ECFP_239,ECFP_239
final,1331,ECFP_24,ECFP_24,ECFP_24
final,1332,ECFP_240,ECFP_240,ECFP_240
final,1333,ECFP_241,ECFP_241,ECFP_241
final,1334,ECFP_242,ECFP_242,ECFP_242
final,1335,ECFP_243,ECFP_243,ECFP_243
final,1336,ECFP_244,ECFP_244,ECFP_244
final,1337,ECFP_245,ECFP_245,ECFP_245
final,1338,ECFP_246,ECFP_246,ECFP_246
final,1339,ECFP_247,ECFP_247,ECFP_247
final,1340,ECFP_248,ECFP_248,ECFP_248
final,1341,ECFP_249,ECFP_249,ECFP_249
final,1342,ECFP_25,ECFP_25,ECFP_25
final,1343,ECFP_250,ECFP_250,ECFP_250
final,1344,ECFP_251,ECFP_251,ECFP_251
final,1345,ECFP_252,ECFP_252,ECFP_252
final,1346,ECFP_253,ECFP_253,ECFP_253
final,1347,ECFP_254,ECFP_254,ECFP_254
final,1348,ECFP_255,ECFP_255,ECFP_255
final,1349,ECFP_256,ECFP_256,ECFP_256
final,1350,ECFP_257,ECFP_257,ECFP_257
final,1351,ECFP_258,ECFP_258,ECFP_258
final,1352,ECFP_259,ECFP_259,ECFP_259
final,1353,ECFP_26,ECFP_26,ECFP_26
final,1354,ECFP_260,ECFP_260,ECFP_260
final,1355,ECFP_261,ECFP_261,ECFP_261
final,1356,ECFP_262,ECFP_262,ECFP_262
final,1357,ECFP_263,ECFP_263,ECFP_263
final,1358,ECFP_264,ECFP_264,ECFP_264
final,1359,ECFP_265,ECFP_265,ECFP_265
final,1360,ECFP_267,ECFP_267,ECFP_267
final,1361,ECFP_269,ECFP_269,ECFP_269
final,1362,ECFP_27,ECFP_27,ECFP_27
final,1363,ECFP_270,ECFP_270,ECFP_270
final,1364,ECFP_271,ECFP_271,ECFP_271
final,1365,ECFP_272,ECFP_272,ECFP_272
final,1366,ECFP_273,ECFP_273,ECFP_273
final,1367,ECFP_274,ECFP_274,ECFP_274
final,1368,ECFP_275,ECFP_275,ECFP_275
final,1369,ECFP_276,ECFP_276,ECFP_276
final,1370,ECFP_277,ECFP_277,ECFP_277
final,1371,ECFP_278,ECFP_278,ECFP_278
final,1372,ECFP_28,ECFP_28,ECFP_28
final,1373,ECFP_280,ECFP_280,ECFP_280
final,1374,ECFP_281,ECFP_281,ECFP_281
final,1375,ECFP_282,ECFP_282,ECFP_282
final,1376,ECFP_283,ECFP_283,ECFP_283
final,1377,ECFP_284,ECFP_284,ECFP_284
final,1378,ECFP_286,ECFP_286,ECFP_286
final,1379,ECFP_287,ECFP_287,ECFP_287
final,1380,ECFP_288,ECFP_288,ECFP_288
final,1381,ECFP_289,ECFP_289,ECFP_289
final,1382,ECFP_29,ECFP_29,ECFP_29
final,1383,ECFP_291,ECFP_291,ECFP_291
final,1384,ECFP_292,ECFP_292,ECFP_292
final,1385,ECFP_293,ECFP_293,ECFP_293
final,1386,ECFP_294,ECFP_294,ECFP_294
final,1387,ECFP_295,ECFP_295,ECFP_295
final,1388,ECFP_296,ECFP_296,ECFP_296
final,1389,ECFP_297,ECFP_297,ECFP_297
final,1390,ECFP_298,ECFP_298,ECFP_298
final,1391,ECFP_299,ECFP_299,ECFP_299
final,1392,ECFP_3,ECFP_3,ECFP_3
final,1393,ECFP_30,ECFP_30,ECFP_30
final,1394,ECFP_300,ECFP_300,ECFP_300
final,1395,ECFP_301,ECFP_301,ECFP_301
final,1396,ECFP_302,ECFP_302,ECFP_302
final,1397,ECFP_303,ECFP_303,ECFP_303
final,1398,ECFP_304,ECFP_304,ECFP_304
final,1399,ECFP_305,ECFP_305,ECFP_305
final,1400,ECFP_306,ECFP_306,ECFP_306
final,1401,ECFP_307,ECFP_307,ECFP_307
final,1402,ECFP_308,ECFP_308,ECFP_308
final,1403,ECFP_309,ECFP_309,ECFP_309
final,1404,ECFP_31,ECFP_31,ECFP_31
final,1405,ECFP_310,ECFP_310,ECFP_310
final,1406,ECFP_311,ECFP_311,ECFP_311
final,1407,ECFP_313,ECFP_313,ECFP_313
final,1408,ECFP_314,ECFP_314,ECFP_314
final,1409,ECFP_315,ECFP_315,ECFP_315
final,1410,ECFP_316,ECFP_316,ECFP_316
final,1411,ECFP_317,ECFP_317,ECFP_317
final,1412,ECFP_318,ECFP_318,ECFP_318
final,1413,ECFP_319,ECFP_319,ECFP_319
final,1414,ECFP_32,ECFP_32,ECFP_32
final,1415,ECFP_320,ECFP_320,ECFP_320
final,1416,ECFP_321,ECFP_321,ECFP_321
final,1417,ECFP_322,ECFP_322,ECFP_322
final,1418,ECFP_323,ECFP_323,ECFP_323
final,1419,ECFP_324,ECFP_324,ECFP_324
final,1420,ECFP_325,ECFP_325,ECFP_325
final,1421,ECFP_326,ECFP_326,ECFP_326
final,1422,ECFP_327,ECFP_327,ECFP_327
final,1423,ECFP_328,ECFP_328,ECFP_328
final,1424,ECFP_329,ECFP_329,ECFP_329
final,1425,ECFP_33,ECFP_33,ECFP_33
final,1426,ECFP_330,ECFP_330,ECFP_330
final,1427,ECFP_332,ECFP_332,ECFP_332
final,1428,ECFP_333,ECFP_333,ECFP_333
final,1429,ECFP_334,ECFP_334,ECFP_334
final,1430,ECFP_335,ECFP_335,ECFP_335
final,1431,ECFP_336,ECFP_336,ECFP_336
final,1432,ECFP_338,ECFP_338,ECFP_338
final,1433,ECFP_339,ECFP_339,ECFP_339
final,1434,ECFP_34,ECFP_34,ECFP_34
final,1435,ECFP_340,ECFP_340,ECFP_340
final,1436,ECFP_341,ECFP_341,ECFP_341
final,1437,ECFP_342,ECFP_342,ECFP_342
final,1438,ECFP_343,ECFP_343,ECFP_343
final,1439,ECFP_344,ECFP_344,ECFP_344
final,1440,ECFP_345,ECFP_345,ECFP_345
final,1441,ECFP_347,ECFP_347,ECFP_347
final,1442,ECFP_348,ECFP_348,ECFP_348
final,1443,ECFP_349,ECFP_349,ECFP_349
final,1444,ECFP_35,ECFP_35,ECFP_35
final,1445,ECFP_350,ECFP_350,ECFP_350
final,1446,ECFP_351,ECFP_351,ECFP_351
final,1447,ECFP_352,ECFP_352,ECFP_352
final,1448,ECFP_353,ECFP_353,ECFP_353
final,1449,ECFP_354,ECFP_354,ECFP_354
final,1450,ECFP_355,ECFP_355,ECFP_355
final,1451,ECFP_356,ECFP_356,ECFP_356
final,1452,ECFP_357,ECFP_357,ECFP_357
final,1453,ECFP_359,ECFP_359,ECFP_359
final,1454,ECFP_36,ECFP_36,ECFP_36
final,1455,ECFP_360,ECFP_360,ECFP_360
final,1456,ECFP_361,ECFP_361,ECFP_361
final,1457,ECFP_362,ECFP_362,ECFP_362
final,1458,ECFP_363,ECFP_363,ECFP_363
final,1459,ECFP_364,ECFP_364,ECFP_364
final,1460,ECFP_365,ECFP_365,ECFP_365
final,1461,ECFP_366,ECFP_366,ECFP_366
final,1462,ECFP_367,ECFP_367,ECFP_367
final,1463,ECFP_368,ECFP_368,ECFP_368
final,1464,ECFP_369,ECFP_369,ECFP_369
final,1465,ECFP_37,ECFP_37,ECFP_37
final,1466,ECFP_370,ECFP_370,ECFP_370
final,1467,ECFP_371,ECFP_371,ECFP_371
final,1468,ECFP_372,ECFP_372,ECFP_372
final,1469,ECFP_373,ECFP_373,ECFP_373
final,1470,ECFP_374,ECFP_374,ECFP_374
final,1471,ECFP_375,ECFP_375,ECFP_375
final,1472,ECFP_376,ECFP_376,ECFP_376
final,1473,ECFP_377,ECFP_377,ECFP_377
final,1474,NaaN,NaaN,NaaN
final,1475,ECFP_379,ECFP_379,ECFP_379
final,1476,ECFP_38,ECFP_38,ECFP_38
final,1477,ECFP_380,ECFP_380,ECFP_380
final,1478,ECFP_381,ECFP_381,ECFP_381
final,1479,ECFP_382,ECFP_382,ECFP_382
final,1480,ECFP_383,ECFP_383,ECFP_383
final,1481,ECFP_384,ECFP_384,ECFP_384
final,1482,ECFP_385,ECFP_385,ECFP_385
final,1483,ECFP_386,ECFP_386,ECFP_386
final,1484,ECFP_387,ECFP_387,ECFP_387
final,1485,ECFP_389,ECFP_389,ECFP_389
final,1486,ECFP_39,ECFP_39,ECFP_39
final,1487,ECFP_390,ECFP_390,ECFP_390
final,1488,ECFP_391,ECFP_391,ECFP_391
final,1489,ECFP_392,ECFP_392,ECFP_392
final,1490,ECFP_394,ECFP_394,ECFP_394
final,1491,ECFP_395,ECFP_395,ECFP_395
final,1492,ECFP_396,ECFP_396,ECFP_396
final,1493,ECFP_398,ECFP_398,ECFP_398
final,1494,ECFP_399,ECFP_399,ECFP_399
final,1495,ECFP_4,ECFP_4,ECFP_4
final,1496,ECFP_40,ECFP_40,ECFP_40
final,1497,ECFP_401,ECFP_401,ECFP_401
final,1498,ECFP_402,ECFP_402,ECFP_402
final,1499,ECFP_403,ECFP_403,ECFP_403
final,1500,ECFP_404,ECFP_404,ECFP_404
final,1501,ECFP_405,ECFP_405,ECFP_405
final,1502,ECFP_406,ECFP_406,ECFP_406
final,1503,ECFP_407,ECFP_407,ECFP_407
final,1504,ECFP_408,ECFP_408,ECFP_408
final,1505,ECFP_409,ECFP_409,ECFP_409
final,1506,ECFP_41,ECFP_41,ECFP_41
final,1507,ECFP_410,ECFP_410,ECFP_410
final,1508,ECFP_411,ECFP_411,ECFP_411
final,1509,ECFP_412,ECFP_412,ECFP_412
final,1510,ECFP_413,ECFP_413,ECFP_413
final,1511,ECFP_414,ECFP_414,ECFP_414
final,1512,ECFP_415,ECFP_415,ECFP_415
final,1513,ECFP_416,ECFP_416,ECFP_416
final,1514,ECFP_417,ECFP_417,ECFP_417
final,1515,ECFP_418,ECFP_418,ECFP_418
final,1516,ECFP_419,ECFP_419,ECFP_419
final,1517,ECFP_42,ECFP_42,ECFP_42
final,1518,ECFP_420,ECFP_420,ECFP_420
final,1519,ECFP_421,ECFP_421,ECFP_421
final,1520,ECFP_422,ECFP_422,ECFP_422
final,1521,ECFP_424,ECFP_424,ECFP_424
final,1522,ECFP_425,ECFP_425,ECFP_425
final,1523,ECFP_426,ECFP_426,ECFP_426
final,1524,ECFP_427,ECFP_427,ECFP_427
final,1525,ECFP_428,ECFP_428,ECFP_428
final,1526,ECFP_429,ECFP_429,ECFP_429
final,1527,ECFP_43,ECFP_43,ECFP_43
final,1528,ECFP_430,ECFP_430,ECFP_430
final,1529,ECFP_440,ECFP_440,ECFP_440
final,1530,ECFP_432,ECFP_432,ECFP_432
final,1531,ECFP_434,ECFP_434,ECFP_434
final,1532,ECFP_435,ECFP_435,ECFP_435
final,1533,ECFP_436,ECFP_436,ECFP_436
final,1534,ECFP_437,ECFP_437,ECFP_437
final,1535,ECFP_438,ECFP_438,ECFP_438
final,1536,ECFP_439,ECFP_439,ECFP_439
final,1537,ECFP_44,ECFP_44,ECFP_44
final,1538,ECFP_442,ECFP_442,ECFP_442
final,1539,ECFP_443,ECFP_443,ECFP_443
final,1540,ECFP_444,ECFP_444,ECFP_444
final,1541,ECFP_445,ECFP_445,ECFP_445
final,1542,ECFP_446,ECFP_446,ECFP_446
final,1543,ECFP_447,ECFP_447,ECFP_447
final,1544,ECFP_448,ECFP_448,ECFP_448
final,1545,ECFP_449,ECFP_449,ECFP_449
final,1546,ECFP_45,ECFP_45,ECFP_45
final,1547,ECFP_450,ECFP_450,ECFP_450
final,1548,ECFP_451,ECFP_451,ECFP_451
final,1549,ECFP_452,ECFP_452,ECFP_452
final,1550,ECFP_453,ECFP_453,ECFP_453
final,1551,ECFP_454,ECFP_454,ECFP_454
final,1552,ECFP_455,ECFP_455,ECFP_455
final,1553,ECFP_456,ECFP_456,ECFP_456
final,1554,ECFP_457,ECFP_457,ECFP_457
final,1555,ECFP_458,ECFP_458,ECFP_458
final,1556,ECFP_459,ECFP_459,ECFP_459
final,1557,ECFP_46,ECFP_46,ECFP_46
final,1558,ECFP_460,ECFP_460,ECFP_460
final,1559,ECFP_461,ECFP_461,ECFP_461
final,1560,ECFP_462,ECFP_462,ECFP_462
final,1561,ECFP_463,ECFP_463,ECFP_463
final,1562,ECFP_464,ECFP_464,ECFP_464
final,1563,ECFP_465,ECFP_465,ECFP_465
final,1564,ECFP_466,ECFP_466,ECFP_466
final,1565,ECFP_468,ECFP_468,ECFP_468
final,1566,ECFP_469,ECFP_469,ECFP_469
final,1567,ECFP_47,ECFP_47,ECFP_47
final,1568,ECFP_470,ECFP_470,ECFP_470
final,1569,ECFP_471,ECFP_471,ECFP_471
final,1570,ECFP_472,ECFP_472,ECFP_472
final,1571,ECFP_473,ECFP_473,ECFP_473
final,1572,ECFP_474,ECFP_474,ECFP_474
final,1573,ECFP_475,ECFP_475,ECFP_475
final,1574,ECFP_476,ECFP_476,ECFP_476
final,1575,ECFP_478,ECFP_478,ECFP_478
final,1576,ECFP_479,ECFP_479,ECFP_479
final,1577,ECFP_48,ECFP_48,ECFP_48
final,1578,ECFP_480,ECFP_480,ECFP_480
final,1579,ECFP_481,ECFP_481,ECFP_481
final,1580,ECFP_482,ECFP_482,ECFP_482
final,1581,ECFP_483,ECFP_483,ECFP_483
final,1582,ECFP_484,ECFP_484,ECFP_484
final,1583,ECFP_485,ECFP_485,ECFP_485
final,1584,ECFP_486,ECFP_486,ECFP_486
final,1585,ECFP_487,ECFP_487,ECFP_487
final,1586,ECFP_488,ECFP_488,ECFP_488
final,1587,ECFP_489,ECFP_489,ECFP_489
final,1588,ECFP_49,ECFP_49,ECFP_49
final,1589,ECFP_490,ECFP_490,ECFP_490
final,1590,ECFP_491,ECFP_491,ECFP_491
final,1591,ECFP_492,ECFP_492,ECFP_492
final,1592,ECFP_493,ECFP_493,ECFP_493
final,1593,ECFP_494,ECFP_494,ECFP_494
final,1594,ECFP_495,ECFP_495,ECFP_495
final,1595,ECFP_496,ECFP_496,ECFP_496
final,1596,ECFP_497,ECFP_497,ECFP_497
final,1597,ECFP_498,ECFP_498,ECFP_498
final,1598,ECFP_499,ECFP_499,ECFP_499
final,1599,ECFP_5,ECFP_5,ECFP_5
final,1600,ECFP_50,ECFP_50,ECFP_50
final,1601,ECFP_500,ECFP_500,ECFP_500
final,1602,ECFP_501,ECFP_501,ECFP_501
final,1603,ECFP_502,ECFP_502,ECFP_502
final,1604,ECFP_503,ECFP_503,ECFP_503
final,1605,ECFP_504,ECFP_504,ECFP_504
final,1606,ECFP_506,ECFP_506,ECFP_506
final,1607,ECFP_507,ECFP_507,ECFP_507
final,1608,ECFP_508,ECFP_508,ECFP_508
final,1609,ECFP_509,ECFP_509,ECFP_509
final,1610,ECFP_51,ECFP_51,ECFP_51
final,1611,ECFP_510,ECFP_510,ECFP_510
final,1612,ECFP_511,ECFP_511,ECFP_511
final,1613,ECFP_512,ECFP_512,ECFP_512
final,1614,ECFP_513,ECFP_513,ECFP_513
final,1615,ECFP_514,ECFP_514,ECFP_514
final,1616,ECFP_515,ECFP_515,ECFP_515
final,1617,ECFP_516,ECFP_516,ECFP_516
final,1618,ECFP_517,ECFP_517,ECFP_517
final,1619,ECFP_519,ECFP_519,ECFP_519
final,1620,ECFP_52,ECFP_52,ECFP_52
final,1621,ECFP_520,ECFP_520,ECFP_520
final,1622,ECFP_521,ECFP_521,ECFP_521
final,1623,ECFP_522,ECFP_522,ECFP_522
final,1624,ECFP_523,ECFP_523,ECFP_523
final,1625,ECFP_524,ECFP_524,ECFP_524
final,1626,ECFP_525,ECFP_525,ECFP_525
final,1627,ECFP_526,ECFP_526,ECFP_526
final,1628,ECFP_527,ECFP_527,ECFP_527
final,1629,ECFP_528,ECFP_528,ECFP_528
final,1630,ECFP_529,ECFP_529,ECFP_529
final,1631,ECFP_53,ECFP_53,ECFP_53
final,1632,ECFP_530,ECFP_530,ECFP_530
final,1633,ECFP_531,ECFP_531,ECFP_531
final,1634,ECFP_532,ECFP_532,ECFP_532
final,1635,ECFP_533,ECFP_533,ECFP_533
final,1636,ECFP_534,ECFP_534,ECFP_534
final,1637,ECFP_535,ECFP_535,ECFP_535
final,1638,ECFP_536,ECFP_536,ECFP_536
final,1639,ECFP_537,ECFP_537,ECFP_537
final,1640,ECFP_538,ECFP_538,ECFP_538
final,1641,ECFP_539,ECFP_539,ECFP_539
final,1642,ECFP_54,ECFP_54,ECFP_54
final,1643,ECFP_540,ECFP_540,ECFP_540
final,1644,ECFP_541,ECFP_541,ECFP_541
final,1645,ECFP_542,ECFP_542,ECFP_542
final,1646,ECFP_543,ECFP_543,ECFP_543
final,1647,ECFP_544,ECFP_544,ECFP_544
final,1648,ECFP_545,ECFP_545,ECFP_545
final,1649,ECFP_546,ECFP_546,ECFP_546
final,1650,ECFP_547,ECFP_547,ECFP_547
final,1651,ECFP_548,ECFP_548,ECFP_548
final,1652,ECFP_549,ECFP_549,ECFP_549
final,1653,ECFP_550,ECFP_550,ECFP_550
final,1654,ECFP_551,ECFP_551,ECFP_551
final,1655,ECFP_552,ECFP_552,ECFP_552
final,1656,ECFP_553,ECFP_553,ECFP_553
final,1657,ECFP_554,ECFP_554,ECFP_554
final,1658,ECFP_555,ECFP_555,ECFP_555
final,1659,ECFP_556,ECFP_556,ECFP_556
final,1660,ECFP_558,ECFP_558,ECFP_558
final,1661,ECFP_559,ECFP_559,ECFP_559
final,1662,ECFP_56,ECFP_56,ECFP_56
final,1663,ECFP_560,ECFP_560,ECFP_560
final,1664,ECFP_562,ECFP_562,ECFP_562
final,1665,ECFP_563,ECFP_563,ECFP_563
final,1666,ECFP_564,ECFP_564,ECFP_564
final,1667,ECFP_565,ECFP_565,ECFP_565
final,1668,ECFP_566,ECFP_566,ECFP_566
final,1669,ECFP_567,ECFP_567,ECFP_567
final,1670,ECFP_923,ECFP_923,ECFP_923
final,1671,ECFP_569,ECFP_569,ECFP_569
final,1672,ECFP_57,ECFP_57,ECFP_57
final,1673,ECFP_570,ECFP_570,ECFP_570
final,1674,ECFP_571,ECFP_571,ECFP_571
final,1675,ECFP_573,ECFP_573,ECFP_573
final,1676,ECFP_574,ECFP_574,ECFP_574
final,1677,ECFP_575,ECFP_575,ECFP_575
final,1678,ECFP_576,ECFP_576,ECFP_576
final,1679,ECFP_577,ECFP_577,ECFP_577
final,1680,ECFP_578,ECFP_578,ECFP_578
final,1681,ECFP_579,ECFP_579,ECFP_579
final,1682,ECFP_58,ECFP_58,ECFP_58
final,1683,ECFP_580,ECFP_580,ECFP_580
final,1684,ECFP_581,ECFP_581,ECFP_581
final,1685,ECFP_582,ECFP_582,ECFP_582
final,1686,ECFP_583,ECFP_583,ECFP_583
final,1687,ECFP_584,ECFP_584,ECFP_584
final,1688,ECFP_585,ECFP_585,ECFP_585
final,1689,ECFP_586,ECFP_586,ECFP_586
final,1690,ECFP_587,ECFP_587,ECFP_587
final,1691,ECFP_588,ECFP_588,ECFP_588
final,1692,ECFP_589,ECFP_589,ECFP_589
final,1693,ECFP_59,ECFP_59,ECFP_59
final,1694,ECFP_590,ECFP_590,ECFP_590
final,1695,ECFP_591,ECFP_591,ECFP_591
final,1696,ECFP_592,ECFP_592,ECFP_592
final,1697,ECFP_593,ECFP_593,ECFP_593
final,1698,ECFP_595,ECFP_595,ECFP_595
final,1699,ECFP_597,ECFP_597,ECFP_597
final,1700,ECFP_598,ECFP_598,ECFP_598
final,1701,ECFP_599,ECFP_599,ECFP_599
final,1702,ECFP_6,ECFP_6,ECFP_6
final,1703,ECFP_60,ECFP_60,ECFP_60
final,1704,ECFP_600,ECFP_600,ECFP_600
final,1705,ECFP_601,ECFP_601,ECFP_601
final,1706,ECFP_602,ECFP_602,ECFP_602
final,1707,ECFP_603,ECFP_603,ECFP_603
final,1708,ECFP_604,ECFP_604,ECFP_604
final,1709,ECFP_605,ECFP_605,ECFP_605
final,1710,ECFP_606,ECFP_606,ECFP_606
final,1711,ECFP_607,ECFP_607,ECFP_607
final,1712,ECFP_608,ECFP_608,ECFP_608
final,1713,ECFP_609,ECFP_609,ECFP_609
final,1714,ECFP_61,ECFP_61,ECFP_61
final,1715,ECFP_611,ECFP_611,ECFP_611
final,1716,ECFP_612,ECFP_612,ECFP_612
final,1717,ECFP_613,ECFP_613,ECFP_613
final,1718,ECFP_614,ECFP_614,ECFP_614
final,1719,ECFP_615,ECFP_615,ECFP_615
final,1720,ECFP_616,ECFP_616,ECFP_616
final,1721,ECFP_618,ECFP_618,ECFP_618
final,1722,ECFP_619,ECFP_619,ECFP_619
final,1723,ECFP_62,ECFP_62,ECFP_62
final,1724,ECFP_620,ECFP_620,ECFP_620
final,1725,ECFP_621,ECFP_621,ECFP_621
final,1726,ECFP_622,ECFP_622,ECFP_622
final,1727,ECFP_623,ECFP_623,ECFP_623
final,1728,ECFP_624,ECFP_624,ECFP_624
final,1729,ECFP_625,ECFP_625,ECFP_625
final,1730,ECFP_626,ECFP_626,ECFP_626
final,1731,ECFP_627,ECFP_627,ECFP_627
final,1732,ECFP_628,ECFP_628,ECFP_628
final,1733,ECFP_629,ECFP_629,ECFP_629
final,1734,ECFP_63,ECFP_63,ECFP_63
final,1735,ECFP_630,ECFP_630,ECFP_630
final,1736,ECFP_631,ECFP_631,ECFP_631
final,1737,ECFP_632,ECFP_632,ECFP_632
final,1738,ECFP_633,ECFP_633,ECFP_633
final,1739,ECFP_634,ECFP_634,ECFP_634
final,1740,ECFP_635,ECFP_635,ECFP_635
final,1741,ECFP_636,ECFP_636,ECFP_636
final,1742,ECFP_637,ECFP_637,ECFP_637
final,1743,ECFP_638,ECFP_638,ECFP_638
final,1744,ECFP_639,ECFP_639,ECFP_639
final,1745,ECFP_64,ECFP_64,ECFP_64
final,1746,ECFP_640,ECFP_640,ECFP_640
final,1747,ECFP_641,ECFP_641,ECFP_641
final,1748,ECFP_642,ECFP_642,ECFP_642
final,1749,ECFP_643,ECFP_643,ECFP_643
final,1750,ECFP_644,ECFP_644,ECFP_644
final,1751,ECFP_645,ECFP_645,ECFP_645
final,1752,ECFP_646,ECFP_646,ECFP_646
final,1753,ECFP_647,ECFP_647,ECFP_647
final,1754,ECFP_648,ECFP_648,ECFP_648
final,1755,ECFP_649,ECFP_649,ECFP_649
final,1756,ECFP_65,ECFP_65,ECFP_65
final,1757,MACCS_154,MACCS_154,MACCS_154
final,1758,ECFP_651,ECFP_651,ECFP_651
final,1759,ECFP_652,ECFP_652,ECFP_652
final,1760,ECFP_653,ECFP_653,ECFP_653
final,1761,ECFP_654,ECFP_654,ECFP_654
final,1762,ECFP_655,ECFP_655,ECFP_655
final,1763,ECFP_656,ECFP_656,ECFP_656
final,1764,ECFP_657,ECFP_657,ECFP_657
final,1765,ECFP_658,ECFP_658,ECFP_658
final,1766,ECFP_66,ECFP_66,ECFP_66
final,1767,ECFP_660,ECFP_660,ECFP_660
final,1768,ECFP_661,ECFP_661,ECFP_661
final,1769,ECFP_662,ECFP_662,ECFP_662
final,1770,ECFP_664,ECFP_664,ECFP_664
final,1771,ECFP_665,ECFP_665,ECFP_665
final,1772,ECFP_666,ECFP_666,ECFP_666
final,1773,ECFP_667,ECFP_667,ECFP_667
final,1774,ECFP_668,ECFP_668,ECFP_668
final,1775,ECFP_669,ECFP_669,ECFP_669
final,1776,ECFP_67,ECFP_67,ECFP_67
final,1777,ECFP_670,ECFP_670,ECFP_670
final,1778,ECFP_671,ECFP_671,ECFP_671
final,1779,ECFP_672,ECFP_672,ECFP_672
final,1780,ECFP_673,ECFP_673,ECFP_673
final,1781,ECFP_675,ECFP_675,ECFP_675
final,1782,ECFP_676,ECFP_676,ECFP_676
final,1783,ECFP_677,ECFP_677,ECFP_677
final,1784,ECFP_678,ECFP_678,ECFP_678
final,1785,ECFP_679,ECFP_679,ECFP_679
final,1786,ECFP_68,ECFP_68,ECFP_68
final,1787,ECFP_680,ECFP_680,ECFP_680
final,1788,ECFP_681,ECFP_681,ECFP_681
final,1789,ECFP_682,ECFP_682,ECFP_682
final,1790,ECFP_683,ECFP_683,ECFP_683
final,1791,ECFP_684,ECFP_684,ECFP_684
final,1792,ECFP_686,ECFP_686,ECFP_686
final,1793,ECFP_687,ECFP_687,ECFP_687
final,1794,ECFP_688,ECFP_688,ECFP_688
final,1795,ECFP_689,ECFP_689,ECFP_689
final,1796,ECFP_69,ECFP_69,ECFP_69
final,1797,ECFP_690,ECFP_690,ECFP_690
final,1798,ECFP_691,ECFP_691,ECFP_691
final,1799,ECFP_692,ECFP_692,ECFP_692
final,1800,ECFP_693,ECFP_693,ECFP_693
final,1801,ECFP_694,ECFP_694,ECFP_694
final,1802,MACCS_126,MACCS_126,MACCS_126
final,1803,ECFP_696,ECFP_696,ECFP_696
final,1804,ECFP_697,ECFP_697,ECFP_697
final,1805,ECFP_699,ECFP_699,ECFP_699
final,1806,ECFP_7,ECFP_7,ECFP_7
final,1807,ECFP_70,ECFP_70,ECFP_70
final,1808,ECFP_700,ECFP_700,ECFP_700
final,1809,ECFP_701,ECFP_701,ECFP_701
final,1810,ECFP_702,ECFP_702,ECFP_702
final,1811,ECFP_703,ECFP_703,ECFP_703
final,1812,ECFP_704,ECFP_704,ECFP_704
final,1813,ECFP_705,ECFP_705,ECFP_705
final,1814,ECFP_706,ECFP_706,ECFP_706
final,1815,ECFP_707,ECFP_707,ECFP_707
final,1816,ECFP_708,ECFP_708,ECFP_708
final,1817,ECFP_709,ECFP_709,ECFP_709
final,1818,ECFP_71,ECFP_71,ECFP_71
final,1819,ECFP_710,ECFP_710,ECFP_710
final,1820,ECFP_711,ECFP_711,ECFP_711
final,1821,ECFP_712,ECFP_712,ECFP_712
final,1822,ECFP_713,ECFP_713,ECFP_713
final,1823,ECFP_714,ECFP_714,ECFP_714
final,1824,ECFP_715,ECFP_715,ECFP_715
final,1825,ECFP_716,ECFP_716,ECFP_716
final,1826,ECFP_718,ECFP_718,ECFP_718
final,1827,ECFP_719,ECFP_719,ECFP_719
final,1828,ECFP_72,ECFP_72,ECFP_72
final,1829,ECFP_720,ECFP_720,ECFP_720
final,1830,ECFP_721,ECFP_721,ECFP_721
final,1831,ECFP_723,ECFP_723,ECFP_723
final,1832,ECFP_724,ECFP_724,ECFP_724
final,1833,ECFP_725,ECFP_725,ECFP_725
final,1834,ECFP_726,ECFP_726,ECFP_726
final,1835,ECFP_727,ECFP_727,ECFP_727
final,1836,ECFP_728,ECFP_728,ECFP_728
final,1837,ECFP_729,ECFP_729,ECFP_729
final,1838,ECFP_73,ECFP_73,ECFP_73
final,1839,ECFP_730,ECFP_730,ECFP_730
final,1840,ECFP_731,ECFP_731,ECFP_731
final,1841,ECFP_732,ECFP_732,ECFP_732
final,1842,ECFP_733,ECFP_733,ECFP_733
final,1843,ECFP_734,ECFP_734,ECFP_734
final,1844,ECFP_735,ECFP_735,ECFP_735
final,1845,ECFP_736,ECFP_736,ECFP_736
final,1846,ECFP_737,ECFP_737,ECFP_737
final,1847,ECFP_738,ECFP_738,ECFP_738
final,1848,ECFP_739,ECFP_739,ECFP_739
final,1849,ECFP_74,ECFP_74,ECFP_74
final,1850,ECFP_740,ECFP_740,ECFP_740
final,1851,ECFP_741,ECFP_741,ECFP_741
final,1852,ECFP_742,ECFP_742,ECFP_742
final,1853,ECFP_743,ECFP_743,ECFP_743
final,1854,ECFP_744,ECFP_744,ECFP_744
final,1855,ECFP_745,ECFP_745,ECFP_745
final,1856,ECFP_746,ECFP_746,ECFP_746
final,1857,ECFP_747,ECFP_747,ECFP_747
final,1858,ECFP_749,ECFP_749,ECFP_749
final,1859,ECFP_75,ECFP_75,ECFP_75
final,1860,ECFP_750,ECFP_750,ECFP_750
final,1861,ECFP_751,ECFP_751,ECFP_751
final,1862,ECFP_752,ECFP_752,ECFP_752
final,1863,ECFP_753,ECFP_753,ECFP_753
final,1864,ECFP_754,ECFP_754,ECFP_754
final,1865,ECFP_755,ECFP_755,ECFP_755
final,1866,ECFP_756,ECFP_756,ECFP_756
final,1867,ECFP_758,ECFP_758,ECFP_758
final,1868,ECFP_759,ECFP_759,ECFP_759
final,1869,ECFP_76,ECFP_76,ECFP_76
final,1870,ECFP_760,ECFP_760,ECFP_760
final,1871,ECFP_762,ECFP_762,ECFP_762
final,1872,ECFP_764,ECFP_764,ECFP_764
final,1873,ECFP_765,ECFP_765,ECFP_765
final,1874,ECFP_766,ECFP_766,ECFP_766
final,1875,ECFP_767,ECFP_767,ECFP_767
final,1876,ECFP_768,ECFP_768,ECFP_768
final,1877,ECFP_769,ECFP_769,ECFP_769
final,1878,ECFP_77,ECFP_77,ECFP_77
final,1879,ECFP_770,ECFP_770,ECFP_770
final,1880,ECFP_771,ECFP_771,ECFP_771
final,1881,ECFP_772,ECFP_772,ECFP_772
final,1882,ECFP_773,ECFP_773,ECFP_773
final,1883,ECFP_774,ECFP_774,ECFP_774
final,1884,ECFP_775,ECFP_775,ECFP_775
final,1885,ECFP_776,ECFP_776,ECFP_776
final,1886,ECFP_777,ECFP_777,ECFP_777
final,1887,ECFP_778,ECFP_778,ECFP_778
final,1888,ECFP_779,ECFP_779,ECFP_779
final,1889,ECFP_78,ECFP_78,ECFP_78
final,1890,ECFP_780,ECFP_780,ECFP_780
final,1891,ECFP_781,ECFP_781,ECFP_781
final,1892,ECFP_782,ECFP_782,ECFP_782
final,1893,ECFP_783,ECFP_783,ECFP_783
final,1894,ECFP_784,ECFP_784,ECFP_784
final,1895,ECFP_785,ECFP_785,ECFP_785
final,1896,ECFP_786,ECFP_786,ECFP_786
final,1897,ECFP_787,ECFP_787,ECFP_787
final,1898,ECFP_788,ECFP_788,ECFP_788
final,1899,ECFP_789,ECFP_789,ECFP_789
final,1900,ECFP_79,ECFP_79,ECFP_79
final,1901,MACCS_41,MACCS_41,MACCS_41
final,1902,ECFP_792,ECFP_792,ECFP_792
final,1903,ECFP_793,ECFP_793,ECFP_793
final,1904,ECFP_794,ECFP_794,ECFP_794
final,1905,ECFP_795,ECFP_795,ECFP_795
final,1906,ECFP_796,ECFP_796,ECFP_796
final,1907,ECFP_797,ECFP_797,ECFP_797
final,1908,ECFP_798,ECFP_798,ECFP_798
final,1909,ECFP_799,ECFP_799,ECFP_799
final,1910,ECFP_8,ECFP_8,ECFP_8
final,1911,MACCS_155,MACCS_155,MACCS_155
final,1912,ECFP_800,ECFP_800,ECFP_800
final,1913,ECFP_801,ECFP_801,ECFP_801
final,1914,ECFP_802,ECFP_802,ECFP_802
final,1915,ECFP_803,ECFP_803,ECFP_803
final,1916,ECFP_804,ECFP_804,ECFP_804
final,1917,ECFP_805,ECFP_805,ECFP_805
final,1918,ECFP_806,ECFP_806,ECFP_806
final,1919,ECFP_807,ECFP_807,ECFP_807
final,1920,ECFP_808,ECFP_808,ECFP_808
final,1921,ECFP_809,ECFP_809,ECFP_809
final,1922,ECFP_81,ECFP_81,ECFP_81
final,1923,ECFP_810,ECFP_810,ECFP_810
final,1924,ECFP_811,ECFP_811,ECFP_811
final,1925,ECFP_812,ECFP_812,ECFP_812
final,1926,ECFP_813,ECFP_813,ECFP_813
final,1927,ECFP_814,ECFP_814,ECFP_814
final,1928,ECFP_815,ECFP_815,ECFP_815
final,1929,ECFP_818,ECFP_818,ECFP_818
final,1930,ECFP_819,ECFP_819,ECFP_819
final,1931,ECFP_82,ECFP_82,ECFP_82
final,1932,ECFP_820,ECFP_820,ECFP_820
final,1933,ECFP_821,ECFP_821,ECFP_821
final,1934,ECFP_822,ECFP_822,ECFP_822
final,1935,ECFP_823,ECFP_823,ECFP_823
final,1936,ECFP_824,ECFP_824,ECFP_824
final,1937,ECFP_825,ECFP_825,ECFP_825
final,1938,ECFP_826,ECFP_826,ECFP_826
final,1939,ECFP_827,ECFP_827,ECFP_827
final,1940,ECFP_828,ECFP_828,ECFP_828
final,1941,ECFP_829,ECFP_829,ECFP_829
final,1942,ECFP_83,ECFP_83,ECFP_83
final,1943,ECFP_830,ECFP_830,ECFP_830
final,1944,ECFP_831,ECFP_831,ECFP_831
final,1945,ECFP_832,ECFP_832,ECFP_832
final,1946,ECFP_833,ECFP_833,ECFP_833
final,1947,ECFP_834,ECFP_834,ECFP_834
final,1948,ECFP_835,ECFP_835,ECFP_835
final,1949,ECFP_836,ECFP_836,ECFP_836
final,1950,ECFP_837,ECFP_837,ECFP_837
final,1951,ECFP_839,ECFP_839,ECFP_839
final,1952,ECFP_84,ECFP_84,ECFP_84
final,1953,ECFP_840,ECFP_840,ECFP_840
final,1954,ECFP_841,ECFP_841,ECFP_841
final,1955,ECFP_842,ECFP_842,ECFP_842
final,1956,ECFP_843,ECFP_843,ECFP_843
final,1957,ECFP_844,ECFP_844,ECFP_844
final,1958,ECFP_845,ECFP_845,ECFP_845
final,1959,ECFP_846,ECFP_846,ECFP_846
final,1960,ECFP_847,ECFP_847,ECFP_847
final,1961,ECFP_848,ECFP_848,ECFP_848
final,1962,ECFP_849,ECFP_849,ECFP_849
final,1963,ECFP_85,ECFP_85,ECFP_85
final,1964,ECFP_850,ECFP_850,ECFP_850
final,1965,ECFP_852,ECFP_852,ECFP_852
final,1966,ECFP_853,ECFP_853,ECFP_853
final,1967,ECFP_855,ECFP_855,ECFP_855
final,1968,ECFP_856,ECFP_856,ECFP_856
final,1969,ECFP_857,ECFP_857,ECFP_857
final,1970,ECFP_858,ECFP_858,ECFP_858
final,1971,ECFP_86,ECFP_86,ECFP_86
final,1972,ECFP_860,ECFP_860,ECFP_860
final,1973,ECFP_861,ECFP_861,ECFP_861
final,1974,ECFP_862,ECFP_862,ECFP_862
final,1975,ECFP_863,ECFP_863,ECFP_863
final,1976,ECFP_864,ECFP_864,ECFP_864
final,1977,ECFP_865,ECFP_865,ECFP_865
final,1978,ECFP_866,ECFP_866,ECFP_866
final,1979,ECFP_868,ECFP_868,ECFP_868
final,1980,ECFP_869,ECFP_869,ECFP_869
final,1981,ECFP_87,ECFP_87,ECFP_87
final,1982,ECFP_870,ECFP_870,ECFP_870
final,1983,ECFP_871,ECFP_871,ECFP_871
final,1984,ECFP_872,ECFP_872,ECFP_872
final,1985,ECFP_873,ECFP_873,ECFP_873
final,1986,ECFP_874,ECFP_874,ECFP_874
final,1987,ECFP_875,ECFP_875,ECFP_875
final,1988,ECFP_876,ECFP_876,ECFP_876
final,1989,ECFP_877,ECFP_877,ECFP_877
final,1990,ECFP_878,ECFP_878,ECFP_878
final,1991,ECFP_879,ECFP_879,ECFP_879
final,1992,ECFP_88,ECFP_88,ECFP_88
final,1993,ECFP_880,ECFP_880,ECFP_880
final,1994,ECFP_882,ECFP_882,ECFP_882
final,1995,ECFP_883,ECFP_883,ECFP_883
final,1996,ECFP_884,ECFP_884,ECFP_884
final,1997,ECFP_885,ECFP_885,ECFP_885
final,1998,ECFP_886,ECFP_886,ECFP_886
final,1999,ECFP_887,ECFP_887,ECFP_887
final,2000,ECFP_888,ECFP_888,ECFP_888
final,2001,ECFP_889,ECFP_889,ECFP_889
final,2002,ECFP_890,ECFP_890,ECFP_890
final,2003,ECFP_891,ECFP_891,ECFP_891
final,2004,ECFP_892,ECFP_892,ECFP_892
final,2005,ECFP_893,ECFP_893,ECFP_893
final,2006,ECFP_894,ECFP_894,ECFP_894
final,2007,ECFP_895,ECFP_895,ECFP_895
final,2008,ECFP_896,ECFP_896,ECFP_896
final,2009,ECFP_897,ECFP_897,ECFP_897
final,2010,ECFP_898,ECFP_898,ECFP_898
final,2011,ECFP_899,ECFP_899,ECFP_899
final,2012,ECFP_9,ECFP_9,ECFP_9
final,2013,ECFP_900,ECFP_900,ECFP_900
final,2014,ECFP_901,ECFP_901,ECFP_901
final,2015,ECFP_902,ECFP_902,ECFP_902
final,2016,ECFP_903,ECFP_903,ECFP_903
final,2017,ECFP_904,ECFP_904,ECFP_904
final,2018,ECFP_905,ECFP_905,ECFP_905
final,2019,ECFP_906,ECFP_906,ECFP_906
final,2020,ECFP_907,ECFP_907,ECFP_907
final,2021,ECFP_908,ECFP_908,ECFP_908
final,2022,ECFP_909,ECFP_909,ECFP_909
final,2023,ECFP_91,ECFP_91,ECFP_91
final,2024,ECFP_910,ECFP_910,ECFP_910
final,2025,ECFP_911,ECFP_911,ECFP_911
final,2026,ECFP_912,ECFP_912,ECFP_912
final,2027,ECFP_913,ECFP_913,ECFP_913
final,2028,ECFP_914,ECFP_914,ECFP_914
final,2029,NtCH,NtCH,NtCH
final,2030,ECFP_916,ECFP_916,ECFP_916
final,2031,ECFP_917,ECFP_917,ECFP_917
final,2032,ECFP_918,ECFP_918,ECFP_918
final,2033,ECFP_934,ECFP_934,ECFP_934
final,2034,ECFP_92,ECFP_92,ECFP_92
final,2035,ECFP_921,ECFP_921,ECFP_921
final,2036,ECFP_922,ECFP_922,ECFP_922
final,2037,ECFP_924,ECFP_924,ECFP_924
final,2038,ECFP_925,ECFP_925,ECFP_925
final,2039,ECFP_926,ECFP_926,ECFP_926
final,2040,ECFP_927,ECFP_927,ECFP_927
final,2041,ECFP_928,ECFP_928,ECFP_928
final,2042,ECFP_929,ECFP_929,ECFP_929
final,2043,ECFP_93,ECFP_93,ECFP_93
final,2044,ECFP_930,ECFP_930,ECFP_930
final,2045,ECFP_931,ECFP_931,ECFP_931
final,2046,ECFP_932,ECFP_932,ECFP_932
final,2047,ECFP_933,ECFP_933,ECFP_933
final,2048,ECFP_935,ECFP_935,ECFP_935
final,2049,ECFP_937,ECFP_937,ECFP_937
final,2050,ECFP_938,ECFP_938,ECFP_938
final,2051,ECFP_939,ECFP_939,ECFP_939
final,2052,ECFP_94,ECFP_94,ECFP_94
final,2053,ECFP_940,ECFP_940,ECFP_940
final,2054,ECFP_941,ECFP_941,ECFP_941
final,2055,ECFP_942,ECFP_942,ECFP_942
final,2056,ECFP_943,ECFP_943,ECFP_943
final,2057,ECFP_944,ECFP_944,ECFP_944
final,2058,ECFP_945,ECFP_945,ECFP_945
final,2059,ECFP_946,ECFP_946,ECFP_946
final,2060,ECFP_947,ECFP_947,ECFP_947
final,2061,ECFP_948,ECFP_948,ECFP_948
final,2062,ECFP_95,ECFP_95,ECFP_95
final,2063,ECFP_950,ECFP_950,ECFP_950
final,2064,ECFP_951,ECFP_951,ECFP_951
final,2065,ECFP_952,ECFP_952,ECFP_952
final,2066,ECFP_953,ECFP_953,ECFP_953
final,2067,ECFP_954,ECFP_954,ECFP_954
final,2068,ECFP_955,ECFP_955,ECFP_955
final,2069,ECFP_956,ECFP_956,ECFP_956
final,2070,ECFP_957,ECFP_957,ECFP_957
final,2071,ECFP_958,ECFP_958,ECFP_958
final,2072,ECFP_959,ECFP_959,ECFP_959
final,2073,ECFP_96,ECFP_96,ECFP_96
final,2074,ECFP_960,ECFP_960,ECFP_960
final,2075,ECFP_961,ECFP_961,ECFP_961
final,2076,ECFP_962,ECFP_962,ECFP_962
final,2077,ECFP_963,ECFP_963,ECFP_963
final,2078,ECFP_964,ECFP_964,ECFP_964
final,2079,ECFP_965,ECFP_965,ECFP_965
final,2080,ECFP_966,ECFP_966,ECFP_966
final,2081,ECFP_967,ECFP_967,ECFP_967
final,2082,ECFP_968,ECFP_968,ECFP_968
final,2083,ECFP_97,ECFP_97,ECFP_97
final,2084,ECFP_970,ECFP_970,ECFP_970
final,2085,ECFP_971,ECFP_971,ECFP_971
final,2086,ECFP_972,ECFP_972,ECFP_972
final,2087,ECFP_973,ECFP_973,ECFP_973
final,2088,ECFP_974,ECFP_974,ECFP_974
final,2089,ECFP_975,ECFP_975,ECFP_975
final,2090,ECFP_976,ECFP_976,ECFP_976
final,2091,ECFP_977,ECFP_977,ECFP_977
final,2092,ECFP_978,ECFP_978,ECFP_978
final,2093,ECFP_979,ECFP_979,ECFP_979
final,2094,ECFP_98,ECFP_98,ECFP_98
final,2095,ECFP_980,ECFP_980,ECFP_980
final,2096,ECFP_981,ECFP_981,ECFP_981
final,2097,ECFP_982,ECFP_982,ECFP_982
final,2098,ECFP_983,ECFP_983,ECFP_983
final,2099,ECFP_984,ECFP_984,ECFP_984
final,2100,ECFP_985,ECFP_985,ECFP_985
final,2101,ECFP_986,ECFP_986,ECFP_986
final,2102,ECFP_987,ECFP_987,ECFP_987
final,2103,ECFP_988,ECFP_988,ECFP_988
final,2104,ECFP_989,ECFP_989,ECFP_989
final,2105,ECFP_99,ECFP_99,ECFP_99
final,2106,ECFP_990,ECFP_990,ECFP_990
final,2107,ECFP_991,ECFP_991,ECFP_991
final,2108,ECFP_992,ECFP_992,ECFP_992
final,2109,ECFP_993,ECFP_993,ECFP_993
final,2110,ECFP_994,ECFP_994,ECFP_994
final,2111,ECFP_995,ECFP_995,ECFP_995
final,2112,ECFP_996,ECFP_996,ECFP_996
final,2113,ECFP_997,ECFP_997,ECFP_997
final,2114,ECFP_999,ECFP_999,ECFP_999
final,2115,EState_VSA1,EState_VSA1,EState_VSA1
final,2116,EState_VSA2,EState_VSA2,EState_VSA2
final,2117,EState_VSA3,EState_VSA3,EState_VSA3
final,2118,EState_VSA4,EState_VSA4,EState_VSA4
final,2119,EState_VSA5,EState_VSA5,EState_VSA5
final,2120,EState_VSA6,EState_VSA6,EState_VSA6
final,2121,EState_VSA7,EState_VSA7,EState_VSA7
final,2122,EState_VSA8,EState_VSA8,EState_VSA8
final,2123,EState_VSA9,EState_VSA9,EState_VSA9
final,2124,ETA_dAlpha_A,ETA_dAlpha_A,ETA_dAlpha_A
final,2125,ETA_dBeta,ETA_dBeta,ETA_dBeta
final,2126,ETA_dPsi_B,ETA_dPsi_B,ETA_dPsi_B
final,2127,ETA_epsilon_5,ETA_epsilon_5,ETA_epsilon_5
final,2128,ETA_shape_p,ETA_shape_p,ETA_shape_p
final,2129,ETA_shape_y,ETA_shape_y,ETA_shape_y
final,2130,FNSA2,FNSA2,FNSA2
final,2131,PPSA4,PPSA4,PPSA4
final,2132,FPSA5,FPSA5,FPSA5
final,2133,SLogP,SLogP,SLogP
final,2134,GATS1m,GATS1m,GATS1m
final,2135,GATS1are,GATS1are,GATS1are
final,2136,GATS1c,GATS1c,GATS1c
final,2137,GATS1d,GATS1d,GATS1d
final,2138,GATS1dv,GATS1dv,GATS1dv
final,2139,GATS1i,GATS1i,GATS1i
final,2140,GATS1p,GATS1p,GATS1p
final,2141,GATS2Z,GATS2Z,GATS2Z
final,2142,GATS2are,GATS2are,GATS2are
final,2143,GATS2c,GATS2c,GATS2c
final,2144,GATS2d,GATS2d,GATS2d
final,2145,GATS2dv,GATS2dv,GATS2dv
final,2146,GATS2p,GATS2p,GATS2p
final,2147,GATS3Z,GATS3Z,GATS3Z
final,2148,GATS3are,GATS3are,GATS3are
final,2149,GATS3c,GATS3c,GATS3c
final,2150,GATS3d,GATS3d,GATS3d
final,2151,GATS3dv,GATS3dv,GATS3dv
final,2152,GATS3p,GATS3p,GATS3p
final,2153,GATS3s,GATS3s,GATS3s
final,2154,GATS4Z,GATS4Z,GATS4Z
final,2155,GATS4are,GATS4are,GATS4are
final,2156,GATS4c,GATS4c,GATS4c
final,2157,GATS4d,GATS4d,GATS4d
final,2158,GATS4dv,GATS4dv,GATS4dv
final,2159,GATS4i,GATS4i,GATS4i
final,2160,GATS5Z,GATS5Z,GATS5Z
final,2161,GATS5are,GATS5are,GATS5are
final,2162,GATS5c,GATS5c,GATS5c
final,2163,GATS5d,GATS5d,GATS5d
final,2164,GATS5dv,GATS5dv,GATS5dv
final,2165,GATS5i,GATS5i,GATS5i
final,2166,GATS5p,GATS5p,GATS5p
final,2167,GATS6Z,GATS6Z,GATS6Z
final,2168,GATS6are,GATS6are,GATS6are
final,2169,GATS6c,GATS6c,GATS6c
final,2170,GATS6d,GATS6d,GATS6d
final,2171,GATS6dv,GATS6dv,GATS6dv
final,2172,GATS6i,GATS6i,GATS6i
final,2173,GATS6p,GATS6p,GATS6p
final,2174,GATS7Z,GATS7Z,GATS7Z
final,2175,GATS7are,GATS7are,GATS7are
final,2176,GATS7c,GATS7c,GATS7c
final,2177,GATS7d,GATS7d,GATS7d
final,2178,GATS7dv,GATS7dv,GATS7dv
final,2179,GATS7i,GATS7i,GATS7i
final,2180,GATS8Z,GATS8Z,GATS8Z
final,2181,GATS8pe,GATS8pe,GATS8pe
final,2182,GATS8c,GATS8c,GATS8c
final,2183,GATS8d,GATS8d,GATS8d
final,2184,GATS8i,GATS8i,GATS8i
final,2185,GATS8p,GATS8p,GATS8p
final,2186,GATS8s,GATS8s,GATS8s
final,2187,GeomShapeIndex,GeomShapeIndex,GeomShapeIndex
final,2188,GhoseFilter,GhoseFilter,GhoseFilter
final,2189,MIC0,MIC0,MIC0
final,2190,MIC1,MIC1,MIC1
final,2191,IC2,IC2,IC2
final,2192,IC4,IC4,IC4
final,2193,JGI1,JGI1,JGI1
final,2194,JGI10,JGI10,JGI10
final,2195,JGI2,JGI2,JGI2
final,2196,JGI3,JGI3,JGI3
final,2197,JGI4,JGI4,JGI4
final,2198,JGI5,JGI5,JGI5
final,2199,JGI6,JGI6,JGI6
final,2200,JGI7,JGI7,JGI7
final,2201,JGI8,JGI8,JGI8
final,2202,JGI9,JGI9,JGI9
final,2203,Kier3,Kier3,Kier3
final,2204,Lipinski,Lipinski,Lipinski
final,2205,MACCS_100,MACCS_100,MACCS_100
final,2206,MACCS_105,MACCS_105,MACCS_105
final,2207,MACCS_102,MACCS_102,MACCS_102
final,2208,MACCS_104,MACCS_104,MACCS_104
final,2209,MACCS_106,MACCS_106,MACCS_106
final,2210,MACCS_108,MACCS_108,MACCS_108
final,2211,MACCS_109,MACCS_109,MACCS_109
final,2212,n4ARing,n4ARing,n4ARing
final,2213,MACCS_110,MACCS_110,MACCS_110
final,2214,MACCS_111,MACCS_111,MACCS_111
final,2215,MACCS_113,MACCS_113,MACCS_113
final,2216,MACCS_115,MACCS_115,MACCS_115
final,2217,MACCS_116,MACCS_116,MACCS_116
final,2218,MACCS_118,MACCS_118,MACCS_118
final,2219,SdsN,SdsN,SdsN
final,2220,MACCS_120,MACCS_120,MACCS_120
final,2221,MACCS_121,MACCS_121,MACCS_121
final,2222,MACCS_122,MACCS_122,MACCS_122
final,2223,MACCS_123,MACCS_123,MACCS_123
final,2224,MACCS_124,MACCS_124,MACCS_124
final,2225,MACCS_125,MACCS_125,MACCS_125
final,2226,MACCS_127,MACCS_127,MACCS_127
final,2227,MACCS_128,MACCS_128,MACCS_128
final,2228,MACCS_129,MACCS_129,MACCS_129
final,2229,MACCS_13,MACCS_13,MACCS_13
final,2230,MACCS_130,MACCS_130,MACCS_130
final,2231,MACCS_131,MACCS_131,MACCS_131
final,2232,MACCS_132,MACCS_132,MACCS_132
final,2233,MACCS_133,MACCS_133,MACCS_133
final,2234,MACCS_135,MACCS_135,MACCS_135
final,2235,MACCS_136,MACCS_136,MACCS_136
final,2236,MACCS_137,MACCS_137,MACCS_137
final,2237,MACCS_138,MACCS_138,MACCS_138
final,2238,MACCS_139,MACCS_139,MACCS_139
final,2239,MACCS_14,MACCS_14,MACCS_14
final,2240,MACCS_140,MACCS_140,MACCS_140
final,2241,MACCS_141,MACCS_141,MACCS_141
final,2242,MACCS_142,MACCS_142,MACCS_142
final,2243,MACCS_144,MACCS_144,MACCS_144
final,2244,n6Ring,n6Ring,n6Ring
final,2245,NsCH3,NsCH3,NsCH3
final,2246,MACCS_15,MACCS_15,MACCS_15
final,2247,MACCS_150,MACCS_150,MACCS_150
final,2248,MACCS_151,MACCS_151,MACCS_151
final,2249,MACCS_152,MACCS_152,MACCS_152
final,2250,MACCS_153,MACCS_153,MACCS_153
final,2251,MACCS_156,MACCS_156,MACCS_156
final,2252,MACCS_157,MACCS_157,MACCS_157
final,2253,MACCS_158,MACCS_158,MACCS_158
final,2254,MACCS_159,MACCS_159,MACCS_159
final,2255,n3AHRing,n3AHRing,n3AHRing
final,2256,MACCS_162,MACCS_162,MACCS_162
final,2257,MACCS_163,MACCS_163,MACCS_163
final,2258,MACCS_164,MACCS_164,MACCS_164
final,2259,MACCS_165,MACCS_165,MACCS_165
final,2260,MACCS_166,MACCS_166,MACCS_166
final,2261,MACCS_18,MACCS_18,MACCS_18
final,2262,MACCS_19,MACCS_19,MACCS_19
final,2263,MACCS_20,MACCS_20,MACCS_20
final,2264,MACCS_21,MACCS_21,MACCS_21
final,2265,SRW03,SRW03,SRW03
final,2266,MACCS_23,MACCS_23,MACCS_23
final,2267,MACCS_71,MACCS_71,MACCS_71
final,2268,MACCS_25,MACCS_25,MACCS_25
final,2269,MACCS_26,MACCS_26,MACCS_26
final,2270,NsI,NsI,NsI
final,2271,MACCS_28,MACCS_28,MACCS_28
final,2272,NssssN,NssssN,NssssN
final,2273,MACCS_33,MACCS_33,MACCS_33
final,2274,NdCH2,NdCH2,NdCH2
final,2275,MACCS_35,MACCS_35,MACCS_35
final,2276,MACCS_37,MACCS_37,MACCS_37
final,2277,MACCS_38,MACCS_38,MACCS_38
final,2278,MACCS_40,MACCS_40,MACCS_40
final,2279,MACCS_43,MACCS_43,MACCS_43
final,2280,MACCS_44,MACCS_44,MACCS_44
final,2281,MACCS_45,MACCS_45,MACCS_45
final,2282,NsBr,NsBr,NsBr
final,2283,MACCS_47,MACCS_47,MACCS_47
final,2284,MACCS_48,MACCS_48,MACCS_48
final,2285,MACCS_49,MACCS_49,MACCS_49
final,2286,MACCS_76,MACCS_76,MACCS_76
final,2287,MACCS_60,MACCS_60,MACCS_60
final,2288,MACCS_52,MACCS_52,MACCS_52
final,2289,MACCS_53,MACCS_53,MACCS_53
final,2290,MACCS_54,MACCS_54,MACCS_54
final,2291,MACCS_59,MACCS_59,MACCS_59
final,2292,MACCS_62,MACCS_62,MACCS_62
final,2293,MACCS_64,MACCS_64,MACCS_64
final,2294,naHRing,naHRing,naHRing
final,2295,MACCS_66,MACCS_66,MACCS_66
final,2296,MACCS_67,MACCS_67,MACCS_67
final,2297,MACCS_68,MACCS_68,MACCS_68
final,2298,MACCS_69,MACCS_69,MACCS_69
final,2299,MACCS_70,MACCS_70,MACCS_70
final,2300,MACCS_72,MACCS_72,MACCS_72
final,2301,MACCS_74,MACCS_74,MACCS_74
final,2302,MACCS_77,MACCS_77,MACCS_77
final,2303,MACCS_79,MACCS_79,MACCS_79
final,2304,MACCS_80,MACCS_80,MACCS_80
final,2305,MACCS_88,MACCS_88,MACCS_88
final,2306,MACCS_82,MACCS_82,MACCS_82
final,2307,n5HRing,n5HRing,n5HRing
final,2308,MACCS_86,MACCS_86,MACCS_86
final,2309,MACCS_89,MACCS_89,MACCS_89
final,2310,MACCS_90,MACCS_90,MACCS_90
final,2311,MACCS_91,MACCS_91,MACCS_91
final,2312,VSA_EState9,VSA_EState9,VSA_EState9
final,2313,MACCS_95,MACCS_95,MACCS_95
final,2314,SRW05,SRW05,SRW05
final,2315,MACCS_97,MACCS_97,MACCS_97
final,2316,n6HRing,n6HRing,n6HRing
final,2317,MAXaasC,MAXaasC,MAXaasC
final,2318,MAXaaN,MAXaaN,MAXaaN
final,2319,MINaaNH,MINaaNH,MINaaNH
final,2320,MINaaO,MINaaO,MINaaO
final,2321,MAXaaS,MAXaaS,MAXaaS
final,2322,MINaaaC,MINaaaC,MINaaaC
final,2323,MINaasN,MINaasN,MINaasN
final,2324,MAXdCH2,MAXdCH2,MAXdCH2
final,2325,MAXdO,MAXdO,MAXdO
final,2326,MINddssS,MINddssS,MINddssS
final,2327,MAXdsCH,MAXdsCH,MAXdsCH
final,2328,MAXdsN,MAXdsN,MAXdsN
final,2329,MAXdssC,MAXdssC,MAXdssC
final,2330,MINdsssP,MINdsssP,MINdsssP
final,2331,MAXsCH3,MAXsCH3,MAXsCH3
final,2332,MAXsCl,MAXsCl,MAXsCl
final,2333,MAXsF,MAXsF,MAXsF
final,2334,MAXsNH2,MAXsNH2,MAXsNH2
final,2335,MAXsOH,MAXsOH,MAXsOH
final,2336,SssCH2,SssCH2,SssCH2
final,2337,MAXssNH,MAXssNH,MAXssNH
final,2338,MAXssO,MAXssO,MAXssO
final,2339,MINssS,MINssS,MINssS
final,2340,MAXsssCH,MAXsssCH,MAXsssCH
final,2341,MINsssN,MINsssN,MINsssN
final,2342,MAXssssC,MAXssssC,MAXssssC
final,2343,MAXssssN,MAXssssN,MAXssssN
final,2344,MDEC-11,MDEC-11,MDEC-11
final,2345,MDEC-12,MDEC-12,MDEC-12
final,2346,MDEC-13,MDEC-13,MDEC-13
final,2347,MDEC-14,MDEC-14,MDEC-14
final,2348,MDEC-22,MDEC-22,MDEC-22
final,2349,MDEC-23,MDEC-23,MDEC-23
final,2350,MDEC-24,MDEC-24,MDEC-24
final,2351,MDEC-33,MDEC-33,MDEC-33
final,2352,MDEC-34,MDEC-34,MDEC-34
final,2353,MDEC-44,MDEC-44,MDEC-44
final,2354,MDEN-11,MDEN-11,MDEN-11
final,2355,MDEN-12,MDEN-12,MDEN-12
final,2356,MDEN-13,MDEN-13,MDEN-13
final,2357,MDEN-22,MDEN-22,MDEN-22
final,2358,MDEN-23,MDEN-23,MDEN-23
final,2359,MDEN-33,MDEN-33,MDEN-33
final,2360,MDEO-11,MDEO-11,MDEO-11
final,2361,MDEO-12,MDEO-12,MDEO-12
final,2362,MDEO-22,MDEO-22,MDEO-22
final,2363,MIC3,MIC3,MIC3
final,2364,MID_N,MID_N,MID_N
final,2365,MINaasC,MINaasC,MINaasC
final,2366,MINaaN,MINaaN,MINaaN
final,2367,MINdO,MINdO,MINdO
final,2368,MINdsCH,MINdsCH,MINdsCH
final,2369,MINdssC,MINdssC,MINdssC
final,2370,MINsCH3,MINsCH3,MINsCH3
final,2371,MINsCl,MINsCl,MINsCl
final,2372,MINsF,MINsF,MINsF
final,2373,MINsOH,MINsOH,MINsOH
final,2374,MINssCH2,MINssCH2,MINssCH2
final,2375,MINssNH,MINssNH,MINssNH
final,2376,MINssO,MINssO,MINssO
final,2377,MINsssCH,MINsssCH,MINsssCH
final,2378,MINssssC,MINssssC,MINssssC
final,2379,MPC4,MPC4,MPC4
final,2380,nAromBond,nAromBond,nAromBond
final,2381,SaaNH,SaaNH,SaaNH
final,2382,SaaO,SaaO,SaaO
final,2383,NaaaC,NaaaC,NaaaC
final,2384,NaasC,NaasC,NaasC
final,2385,SaasN,SaasN,SaasN
final,2386,SdNH,SdNH,SdNH
final,2387,SdO,SdO,SdO
final,2388,SdS,SdS,SdS
final,2389,SdsCH,SdsCH,SdsCH
final,2390,NdssC,NdssC,NdssC
final,2391,SdssS,SdssS,SdssS
final,2392,SsOH,SsOH,SsOH
final,2393,SsSH,SsSH,SsSH
final,2394,NssCH2,NssCH2,NssCH2
final,2395,SssNH,SssNH,SssNH
final,2396,SssS,SssS,SssS
final,2397,NsssCH,NsssCH,NsssCH
final,2398,SsssN,SsssN,SsssN
final,2399,Xc-6d,Xc-6d,Xc-6d
final,2400,PBF,PBF,PBF
final,2401,PEOE_VSA10,PEOE_VSA10,PEOE_VSA10
final,2402,PEOE_VSA11,PEOE_VSA11,PEOE_VSA11
final,2403,PEOE_VSA12,PEOE_VSA12,PEOE_VSA12
final,2404,PEOE_VSA13,PEOE_VSA13,PEOE_VSA13
final,2405,PEOE_VSA3,PEOE_VSA3,PEOE_VSA3
final,2406,PEOE_VSA4,PEOE_VSA4,PEOE_VSA4
final,2407,PEOE_VSA5,PEOE_VSA5,PEOE_VSA5
final,2408,PEOE_VSA6,PEOE_VSA6,PEOE_VSA6
final,2409,PEOE_VSA7,PEOE_VSA7,PEOE_VSA7
final,2410,PEOE_VSA8,PEOE_VSA8,PEOE_VSA8
final,2411,PEOE_VSA9,PEOE_VSA9,PEOE_VSA9
final,2412,WNSA1,WNSA1,WNSA1
final,2413,TopoShapeIndex,TopoShapeIndex,TopoShapeIndex
final,2414,RNCS,RNCS,RNCS
final,2415,RPCG,RPCG,RPCG
final,2416,RPCS,RPCS,RPCS
final,2417,RotRatio,RotRatio,RotRatio
final,2418,SM1_Dzm,SM1_Dzm,SM1_Dzm
final,2419,SMR_VSA2,SMR_VSA2,SMR_VSA2
final,2420,SMR_VSA4,SMR_VSA4,SMR_VSA4
final,2421,SMR_VSA6,SMR_VSA6,SMR_VSA6
final,2422,SMR_VSA9,SMR_VSA9,SMR_VSA9
final,2423,SaasC,SaasC,SaasC
final,2424,VSA_EState5,VSA_EState5,VSA_EState5
final,2425,SlogP_VSA1,SlogP_VSA1,SlogP_VSA1
final,2426,SlogP_VSA10,SlogP_VSA10,SlogP_VSA10
final,2427,SlogP_VSA3,SlogP_VSA3,SlogP_VSA3
final,2428,SlogP_VSA4,SlogP_VSA4,SlogP_VSA4
final,2429,SlogP_VSA5,SlogP_VSA5,SlogP_VSA5
final,2430,SlogP_VSA8,SlogP_VSA8,SlogP_VSA8
final,2431,SssssC,SssssC,SssssC
final,2432,TpiPC10,TpiPC10,TpiPC10
final,2433,VE1_A,VE1_A,VE1_A
final,2434,VSA_EState1,VSA_EState1,VSA_EState1
final,2435,VSA_EState4,VSA_EState4,VSA_EState4
final,2436,VSA_EState7,VSA_EState7,VSA_EState7
final,2437,VSA_EState8,VSA_EState8,VSA_EState8
final,2438,Xpc-4dv,Xpc-4dv,Xpc-4dv
final,2439,Xch-6d,Xch-6d,Xch-6d
final,2440,Xch-7d,Xch-7d,Xch-7d
final,2441,ZMIC1,ZMIC1,ZMIC1
final,2442,ZMIC4,ZMIC4,ZMIC4
final,2443,fMF,fMF,fMF
final,2444,fragCpx,fragCpx,fragCpx
final,2445,n10FARing,n10FARing,n10FARing
final,2446,n10FRing,n10FRing,n10FRing
final,2447,n10FaRing,n10FaRing,n10FaRing
final,2448,n11FAHRing,n11FAHRing,n11FAHRing
final,2449,n12AHRing,n12AHRing,n12AHRing
final,2450,n12FAHRing,n12FAHRing,n12FAHRing
final,2451,n5ARing,n5ARing,n5ARing
final,2452,n5aHRing,n5aHRing,n5aHRing
final,2453,n6AHRing,n6AHRing,n6AHRing
final,2454,nARing,nARing,nARing
final,2455,n6FARing,n6FARing,n6FARing
final,2456,n6aHRing,n6aHRing,n6aHRing
final,2457,n7ARing,n7ARing,n7ARing
final,2458,n7FARing,n7FARing,n7FARing
final,2459,n8AHRing,n8AHRing,n8AHRing
final,2460,n8ARing,n8ARing,n8ARing
final,2461,n8FAHRing,n8FAHRing,n8FAHRing
final,2462,n9FARing,n9FARing,n9FARing
final,2463,n9FaHRing,n9FaHRing,n9FaHRing
final,2464,nHRing,nHRing,nHRing
final,2465,nAcid,nAcid,nAcid
final,2466,nBase,nBase,nBase
final,2467,nBridgehead,nBridgehead,nBridgehead
final,2468,nFAHRing,nFAHRing,nFAHRing
final,2469,nFARing,nFARing,nFARing
final,2470,nFHRing,nFHRing,nFHRing
final,2471,nFaRing,nFaRing,nFaRing
final,2472,nG12AHRing,nG12AHRing,nG12AHRing
final,2473,nG12FHRing,nG12FHRing,nG12FHRing
final,2474,nG12FRing,nG12FRing,nG12FRing
final,2475,nG12FaRing,nG12FaRing,nG12FaRing
final,2476,nRot,nRot,nRot
final,2477,nSpiro,nSpiro,nSpiro
